# Blender 4.0.2
# www.blender.org
o Sphere
v 0.000000 0.186875 -0.124866
v 0.000000 0.124866 -0.186875
v 0.000000 0.043847 -0.220434
v 0.000000 0.000000 -0.224753
v 0.000000 -0.043847 -0.220434
v 0.000000 -0.124866 -0.186875
v 0.008554 0.220434 -0.043005
v 0.016780 0.207645 -0.084357
v 0.024360 0.186875 -0.122467
v 0.031005 0.158924 -0.155871
v 0.036458 0.124866 -0.183284
v 0.040509 0.086009 -0.203655
v 0.043005 0.043847 -0.216199
v 0.043847 0.000000 -0.220434
v 0.043005 -0.043847 -0.216199
v 0.040509 -0.086009 -0.203655
v 0.036458 -0.124866 -0.183284
v 0.031005 -0.158924 -0.155871
v 0.024360 -0.186875 -0.122467
v 0.016780 -0.207645 -0.084357
v 0.008554 -0.220434 -0.043005
v 0.016780 0.220434 -0.040509
v 0.032914 0.207645 -0.079462
v 0.047784 0.186875 -0.115361
v 0.060818 0.158924 -0.146827
v 0.071514 0.124866 -0.172650
v 0.079462 0.086009 -0.191839
v 0.084357 0.043847 -0.203655
v 0.086009 0.000000 -0.207645
v 0.084357 -0.043847 -0.203655
v 0.079462 -0.086009 -0.191839
v 0.071514 -0.124866 -0.172650
v 0.060818 -0.158924 -0.146827
v 0.047784 -0.186875 -0.115361
v 0.032914 -0.207645 -0.079462
v 0.016780 -0.220434 -0.040509
v 0.024360 0.220434 -0.036458
v 0.047784 0.207645 -0.071514
v 0.069372 0.186875 -0.103822
v 0.088294 0.158924 -0.132141
v 0.103822 0.124866 -0.155381
v 0.115361 0.086009 -0.172650
v 0.122467 0.043847 -0.183284
v 0.124866 0.000000 -0.186875
v 0.122467 -0.043847 -0.183284
v 0.115361 -0.086009 -0.172650
v 0.103822 -0.124866 -0.155381
v 0.088294 -0.158924 -0.132141
v 0.069372 -0.186875 -0.103822
v 0.047784 -0.207645 -0.071514
v 0.024360 -0.220434 -0.036458
v 0.031005 0.220434 -0.031005
v 0.060818 0.207645 -0.060818
v 0.088294 0.186875 -0.088294
v 0.112376 0.158924 -0.112376
v 0.132141 0.124866 -0.132141
v 0.146827 0.086009 -0.146827
v 0.155871 0.043847 -0.155871
v 0.158924 0.000000 -0.158924
v 0.155871 -0.043847 -0.155871
v 0.146827 -0.086009 -0.146827
v 0.132141 -0.124866 -0.132141
v 0.112376 -0.158924 -0.112376
v 0.088294 -0.186875 -0.088294
v 0.060818 -0.207645 -0.060818
v 0.031005 -0.220434 -0.031005
v 0.036458 0.220434 -0.024360
v 0.071514 0.207645 -0.047784
v 0.103822 0.186875 -0.069372
v 0.132141 0.158924 -0.088294
v 0.155381 0.124866 -0.103822
v 0.172650 0.086009 -0.115361
v 0.183284 0.043847 -0.122467
v 0.186875 0.000000 -0.124866
v 0.183284 -0.043847 -0.122467
v 0.172650 -0.086009 -0.115361
v 0.155381 -0.124866 -0.103822
v 0.132141 -0.158924 -0.088294
v 0.103822 -0.186875 -0.069372
v 0.071514 -0.207645 -0.047784
v 0.036458 -0.220434 -0.024360
v 0.000000 0.224753 0.000000
v 0.040509 0.220434 -0.016780
v 0.079462 0.207645 -0.032914
v 0.115361 0.186875 -0.047784
v 0.146827 0.158924 -0.060818
v 0.172650 0.124866 -0.071514
v 0.191839 0.086009 -0.079462
v 0.203655 0.043847 -0.084357
v 0.207645 0.000000 -0.086009
v 0.203655 -0.043847 -0.084357
v 0.191839 -0.086009 -0.079462
v 0.172650 -0.124866 -0.071514
v 0.146827 -0.158924 -0.060818
v 0.115361 -0.186875 -0.047784
v 0.079462 -0.207645 -0.032914
v 0.040509 -0.220434 -0.016780
v 0.043005 0.220434 -0.008554
v 0.084357 0.207645 -0.016780
v 0.122467 0.186875 -0.024360
v 0.155871 0.158924 -0.031005
v 0.183284 0.124866 -0.036458
v 0.203655 0.086009 -0.040509
v 0.216199 0.043847 -0.043005
v 0.220434 0.000000 -0.043847
v 0.216199 -0.043847 -0.043005
v 0.203655 -0.086009 -0.040509
v 0.183284 -0.124866 -0.036458
v 0.155871 -0.158924 -0.031005
v 0.122467 -0.186875 -0.024360
v 0.084357 -0.207645 -0.016780
v 0.043005 -0.220434 -0.008554
v 0.043847 0.220434 0.000000
v 0.086009 0.207645 0.000000
v 0.124866 0.186875 0.000000
v 0.158924 0.158924 -0.000000
v 0.186875 0.124866 0.000000
v 0.207645 0.086009 -0.000000
v 0.220434 0.043847 0.000000
v 0.224753 0.000000 0.000000
v 0.220434 -0.043847 0.000000
v 0.207645 -0.086009 -0.000000
v 0.186875 -0.124866 0.000000
v 0.158924 -0.158924 -0.000000
v 0.124866 -0.186875 0.000000
v 0.086009 -0.207645 0.000000
v 0.043847 -0.220434 0.000000
v 0.043005 0.220434 0.008554
v 0.084357 0.207645 0.016780
v 0.122467 0.186875 0.024360
v 0.155871 0.158924 0.031005
v 0.183284 0.124866 0.036458
v 0.203655 0.086009 0.040509
v 0.216199 0.043847 0.043005
v 0.220434 0.000000 0.043847
v 0.216199 -0.043847 0.043005
v 0.203655 -0.086009 0.040509
v 0.183284 -0.124866 0.036458
v 0.155871 -0.158924 0.031005
v 0.122467 -0.186875 0.024360
v 0.084357 -0.207645 0.016780
v 0.043005 -0.220434 0.008554
v 0.040509 0.220434 0.016780
v 0.079462 0.207645 0.032914
v 0.115361 0.186875 0.047784
v 0.146827 0.158924 0.060818
v 0.172650 0.124866 0.071514
v 0.191839 0.086009 0.079462
v 0.203655 0.043847 0.084357
v 0.207645 0.000000 0.086009
v 0.203655 -0.043847 0.084357
v 0.191839 -0.086009 0.079462
v 0.172650 -0.124866 0.071514
v 0.146827 -0.158924 0.060818
v 0.115361 -0.186875 0.047784
v 0.079462 -0.207645 0.032914
v 0.040509 -0.220434 0.016780
v 0.036458 0.220434 0.024360
v 0.071514 0.207645 0.047784
v 0.103822 0.186875 0.069372
v 0.132141 0.158924 0.088294
v 0.155381 0.124866 0.103822
v 0.172650 0.086009 0.115361
v 0.183284 0.043847 0.122467
v 0.186875 0.000000 0.124866
v 0.183284 -0.043847 0.122467
v 0.172650 -0.086009 0.115361
v 0.155381 -0.124866 0.103822
v 0.132141 -0.158924 0.088294
v 0.103822 -0.186875 0.069372
v 0.071514 -0.207645 0.047784
v 0.036458 -0.220434 0.024360
v 0.031005 0.220434 0.031005
v 0.060818 0.207645 0.060818
v 0.088294 0.186875 0.088294
v 0.112376 0.158924 0.112376
v 0.132141 0.124866 0.132141
v 0.146827 0.086009 0.146827
v 0.155871 0.043847 0.155871
v 0.158924 0.000000 0.158924
v 0.155871 -0.043847 0.155871
v 0.146827 -0.086009 0.146827
v 0.132141 -0.124866 0.132141
v 0.112376 -0.158924 0.112376
v 0.088294 -0.186875 0.088294
v 0.060818 -0.207645 0.060818
v 0.031005 -0.220434 0.031005
v 0.024360 0.220434 0.036458
v 0.047784 0.207645 0.071514
v 0.069372 0.186875 0.103822
v 0.088294 0.158924 0.132141
v 0.103822 0.124866 0.155381
v 0.115361 0.086009 0.172650
v 0.122467 0.043847 0.183284
v 0.124866 0.000000 0.186875
v 0.122467 -0.043847 0.183284
v 0.115361 -0.086009 0.172650
v 0.103822 -0.124866 0.155381
v 0.088294 -0.158924 0.132141
v 0.069372 -0.186875 0.103822
v 0.047784 -0.207645 0.071514
v 0.024360 -0.220434 0.036458
v 0.016780 0.220434 0.040509
v 0.032914 0.207645 0.079462
v 0.047784 0.186875 0.115361
v 0.060818 0.158924 0.146827
v 0.071514 0.124866 0.172650
v 0.079462 0.086009 0.191839
v 0.084357 0.043847 0.203655
v 0.086009 0.000000 0.207645
v 0.084357 -0.043847 0.203655
v 0.079462 -0.086009 0.191839
v 0.071514 -0.124866 0.172650
v 0.060818 -0.158924 0.146827
v 0.047784 -0.186875 0.115361
v 0.032914 -0.207645 0.079462
v 0.016780 -0.220434 0.040509
v 0.008554 0.220434 0.043005
v 0.016780 0.207645 0.084357
v 0.024360 0.186875 0.122467
v 0.031005 0.158924 0.155871
v 0.036458 0.124866 0.183284
v 0.040509 0.086009 0.203655
v 0.043005 0.043847 0.216199
v 0.043847 0.000000 0.220434
v 0.043005 -0.043847 0.216199
v 0.040509 -0.086009 0.203655
v 0.036458 -0.124866 0.183284
v 0.031005 -0.158924 0.155871
v 0.024360 -0.186875 0.122467
v 0.016780 -0.207645 0.084357
v 0.008554 -0.220434 0.043005
v -0.000000 0.220434 0.043847
v -0.000000 0.207645 0.086009
v -0.000000 0.186875 0.124866
v -0.000000 0.158924 0.158924
v -0.000000 0.124866 0.186875
v 0.000000 0.086009 0.207645
v -0.000000 0.043847 0.220434
v -0.000000 0.000000 0.224753
v -0.000000 -0.043847 0.220434
v 0.000000 -0.086009 0.207645
v -0.000000 -0.124866 0.186875
v -0.000000 -0.158924 0.158924
v -0.000000 -0.186875 0.124866
v -0.000000 -0.207645 0.086009
v -0.000000 -0.220434 0.043847
v -0.008554 0.220434 0.043005
v -0.016780 0.207645 0.084357
v -0.024360 0.186875 0.122467
v -0.031005 0.158924 0.155871
v -0.036458 0.124866 0.183284
v -0.040509 0.086009 0.203655
v -0.043005 0.043847 0.216199
v -0.043847 0.000000 0.220434
v -0.043005 -0.043847 0.216199
v -0.040509 -0.086009 0.203655
v -0.036458 -0.124866 0.183284
v -0.031005 -0.158924 0.155871
v -0.024360 -0.186875 0.122467
v -0.016780 -0.207645 0.084357
v -0.008554 -0.220434 0.043005
v -0.016780 0.220434 0.040509
v -0.032914 0.207645 0.079462
v -0.047784 0.186875 0.115361
v -0.060818 0.158924 0.146827
v -0.071514 0.124866 0.172650
v -0.079462 0.086009 0.191839
v -0.084357 0.043847 0.203655
v -0.086009 0.000000 0.207644
v -0.084357 -0.043847 0.203655
v -0.079462 -0.086009 0.191839
v -0.071514 -0.124866 0.172650
v -0.060818 -0.158924 0.146827
v -0.047784 -0.186875 0.115361
v -0.032914 -0.207645 0.079462
v -0.016780 -0.220434 0.040509
v -0.024360 0.220434 0.036458
v -0.047784 0.207645 0.071514
v -0.069372 0.186875 0.103822
v -0.088294 0.158924 0.132141
v -0.103822 0.124866 0.155381
v -0.115361 0.086009 0.172650
v -0.122467 0.043847 0.183284
v -0.124866 0.000000 0.186875
v -0.122467 -0.043847 0.183284
v -0.115361 -0.086009 0.172650
v -0.103822 -0.124866 0.155381
v -0.088294 -0.158924 0.132141
v -0.069372 -0.186875 0.103822
v -0.047784 -0.207645 0.071514
v -0.024360 -0.220434 0.036458
v -0.031005 0.220434 0.031005
v -0.060818 0.207645 0.060818
v -0.088294 0.186875 0.088294
v -0.112376 0.158924 0.112376
v -0.132141 0.124866 0.132141
v -0.146827 0.086009 0.146827
v -0.155871 0.043847 0.155871
v -0.158924 0.000000 0.158924
v -0.155871 -0.043847 0.155871
v -0.146827 -0.086009 0.146827
v -0.132141 -0.124866 0.132141
v -0.112376 -0.158924 0.112376
v -0.088294 -0.186875 0.088294
v -0.060818 -0.207645 0.060818
v -0.031005 -0.220434 0.031005
v 0.000000 -0.224753 0.000000
v -0.036458 0.220434 0.024360
v -0.071514 0.207645 0.047784
v -0.103822 0.186875 0.069372
v -0.132141 0.158924 0.088294
v -0.155381 0.124866 0.103822
v -0.172650 0.086009 0.115361
v -0.183284 0.043847 0.122467
v -0.186875 0.000000 0.124866
v -0.183284 -0.043847 0.122467
v -0.172650 -0.086009 0.115361
v -0.155381 -0.124866 0.103822
v -0.132141 -0.158924 0.088294
v -0.103822 -0.186875 0.069372
v -0.071514 -0.207645 0.047784
v -0.036458 -0.220434 0.024360
v -0.040509 0.220434 0.016780
v -0.079462 0.207645 0.032914
v -0.115361 0.186875 0.047784
v -0.146827 0.158924 0.060818
v -0.172650 0.124866 0.071514
v -0.191839 0.086009 0.079462
v -0.203655 0.043847 0.084357
v -0.207645 0.000000 0.086009
v -0.203655 -0.043847 0.084357
v -0.191839 -0.086009 0.079462
v -0.172650 -0.124866 0.071514
v -0.146827 -0.158924 0.060818
v -0.115361 -0.186875 0.047784
v -0.079462 -0.207645 0.032914
v -0.040509 -0.220434 0.016780
v -0.043005 0.220434 0.008554
v -0.084357 0.207645 0.016780
v -0.122467 0.186875 0.024360
v -0.155871 0.158924 0.031005
v -0.183284 0.124866 0.036458
v -0.203655 0.086009 0.040509
v -0.216199 0.043847 0.043005
v -0.220434 0.000000 0.043847
v -0.216199 -0.043847 0.043005
v -0.203655 -0.086009 0.040509
v -0.183284 -0.124866 0.036458
v -0.155871 -0.158924 0.031005
v -0.122467 -0.186875 0.024360
v -0.084357 -0.207645 0.016780
v -0.043005 -0.220434 0.008554
v -0.043847 0.220434 -0.000000
v -0.086009 0.207645 -0.000000
v -0.124866 0.186875 -0.000000
v -0.158924 0.158924 -0.000000
v -0.186875 0.124866 -0.000000
v -0.207645 0.086009 -0.000000
v -0.220434 0.043847 -0.000000
v -0.224753 0.000000 -0.000000
v -0.220434 -0.043847 -0.000000
v -0.207645 -0.086009 -0.000000
v -0.186875 -0.124866 -0.000000
v -0.158924 -0.158924 -0.000000
v -0.124866 -0.186875 -0.000000
v -0.086009 -0.207645 -0.000000
v -0.043847 -0.220434 -0.000000
v -0.043005 0.220434 -0.008554
v -0.084357 0.207645 -0.016780
v -0.122467 0.186875 -0.024360
v -0.155871 0.158924 -0.031005
v -0.183284 0.124866 -0.036458
v -0.203655 0.086009 -0.040509
v -0.216199 0.043847 -0.043005
v -0.220434 0.000000 -0.043847
v -0.216199 -0.043847 -0.043005
v -0.203655 -0.086009 -0.040509
v -0.183284 -0.124866 -0.036458
v -0.155871 -0.158924 -0.031005
v -0.122467 -0.186875 -0.024360
v -0.084357 -0.207645 -0.016780
v -0.043005 -0.220434 -0.008554
v -0.040509 0.220434 -0.016780
v -0.079462 0.207645 -0.032914
v -0.115361 0.186875 -0.047784
v -0.146827 0.158924 -0.060818
v -0.172650 0.124866 -0.071514
v -0.191839 0.086009 -0.079462
v -0.203655 0.043847 -0.084357
v -0.207644 0.000000 -0.086009
v -0.203655 -0.043847 -0.084357
v -0.191839 -0.086009 -0.079462
v -0.172650 -0.124866 -0.071514
v -0.146827 -0.158924 -0.060818
v -0.115361 -0.186875 -0.047784
v -0.079462 -0.207645 -0.032914
v -0.040509 -0.220434 -0.016780
v -0.036458 0.220434 -0.024360
v -0.071514 0.207645 -0.047784
v -0.103822 0.186875 -0.069372
v -0.132141 0.158924 -0.088294
v -0.155381 0.124866 -0.103822
v -0.172650 0.086009 -0.115361
v -0.183284 0.043847 -0.122467
v -0.186875 0.000000 -0.124866
v -0.183284 -0.043847 -0.122467
v -0.172650 -0.086009 -0.115361
v -0.155381 -0.124866 -0.103822
v -0.132141 -0.158924 -0.088294
v -0.103822 -0.186875 -0.069372
v -0.071514 -0.207645 -0.047784
v -0.036458 -0.220434 -0.024360
v -0.031005 0.220434 -0.031005
v -0.060818 0.207645 -0.060818
v -0.088294 0.186875 -0.088294
v -0.112376 0.158924 -0.112376
v -0.132141 0.124866 -0.132141
v -0.146827 0.086009 -0.146827
v -0.155871 0.043847 -0.155871
v -0.158924 0.000000 -0.158924
v -0.155871 -0.043847 -0.155871
v -0.146827 -0.086009 -0.146827
v -0.132141 -0.124866 -0.132141
v -0.112376 -0.158924 -0.112376
v -0.088294 -0.186875 -0.088294
v -0.060818 -0.207645 -0.060818
v -0.031005 -0.220434 -0.031005
v -0.024360 0.220434 -0.036458
v -0.047784 0.207645 -0.071514
v -0.069372 0.186875 -0.103822
v -0.088294 0.158924 -0.132141
v -0.103822 0.124866 -0.155381
v -0.115361 0.086009 -0.172650
v -0.122467 0.043847 -0.183284
v -0.124866 0.000000 -0.186875
v -0.122467 -0.043847 -0.183284
v -0.115361 -0.086009 -0.172650
v -0.103822 -0.124866 -0.155381
v -0.088294 -0.158924 -0.132141
v -0.069372 -0.186875 -0.103822
v -0.047784 -0.207645 -0.071514
v -0.024360 -0.220434 -0.036458
v -0.016780 0.220434 -0.040509
v -0.032914 0.207645 -0.079462
v -0.047784 0.186875 -0.115361
v -0.060818 0.158924 -0.146827
v -0.071514 0.124866 -0.172650
v -0.079462 0.086009 -0.191839
v -0.084356 0.043847 -0.203655
v -0.086009 0.000000 -0.207644
v -0.084356 -0.043847 -0.203655
v -0.079462 -0.086009 -0.191839
v -0.071514 -0.124866 -0.172650
v -0.060818 -0.158924 -0.146827
v -0.047784 -0.186875 -0.115361
v -0.032914 -0.207645 -0.079462
v -0.016780 -0.220434 -0.040509
v -0.008554 0.220434 -0.043005
v -0.016780 0.207645 -0.084357
v -0.024360 0.186875 -0.122467
v -0.031005 0.158924 -0.155871
v -0.036457 0.124866 -0.183284
v -0.040509 0.086009 -0.203655
v -0.043005 0.043847 -0.216199
v -0.043847 0.000000 -0.220434
v -0.043005 -0.043847 -0.216199
v -0.040509 -0.086009 -0.203655
v -0.036457 -0.124866 -0.183284
v -0.031005 -0.158924 -0.155871
v -0.024360 -0.186875 -0.122467
v -0.016780 -0.207645 -0.084357
v -0.008554 -0.220434 -0.043005
v 0.000000 0.220434 -0.043847
v 0.000000 0.207645 -0.086009
v 0.000000 0.158924 -0.158924
v 0.000000 0.086009 -0.207645
v 0.000000 -0.086009 -0.207645
v 0.000000 -0.158924 -0.158924
v 0.000000 -0.186875 -0.124866
v 0.000000 -0.207645 -0.086009
v 0.000000 -0.220434 -0.043847
v 0.000000 0.110027 -0.073518
v -0.890337 0.507161 2.174472
v -0.888999 0.581998 2.913161
v 0.000000 0.073518 -0.110027
v -0.695090 0.029447 1.777040
v 0.000000 0.025816 -0.129786
v 0.000000 0.000000 -0.132329
v -0.908155 0.583630 2.912215
v -0.599856 -0.468536 0.114042
v 0.000000 -0.025816 -0.129786
v 0.000000 -0.073518 -0.110027
v -0.890337 0.702073 2.510903
v 0.005036 0.129786 -0.025320
v -0.926575 0.588465 2.909414
v -0.442607 -0.526146 2.684127
v 0.009879 0.122256 -0.049667
v 0.014343 0.110027 -0.072105
v -0.847736 0.503530 2.176575
v -0.943552 0.596317 2.904865
v 0.018255 0.093570 -0.091773
v -0.847736 0.698443 2.513007
v 0.021465 0.073518 -0.107913
v -0.599856 -0.367756 0.129668
v 0.023851 0.050640 -0.119907
v 0.025320 0.025816 -0.127292
v -0.958431 0.606883 2.898743
v 0.025816 0.000000 -0.129786
v -0.695090 -0.001362 1.798959
v -0.806773 0.492778 2.182804
v 0.025320 -0.025816 -0.127292
v 0.023851 -0.050640 -0.119907
v -0.442607 -0.442607 2.854759
v 0.021465 -0.073518 -0.107913
v -0.970643 0.619758 2.891284
v -0.806773 0.687691 2.519236
v 0.018255 -0.093570 -0.091773
v 0.014343 -0.110027 -0.072105
v -0.769021 0.475318 2.192920
v 0.009879 -0.122256 -0.049667
v -0.979717 0.634447 2.882774
v 0.005036 -0.129786 -0.025320
v -0.695090 -0.027302 1.826468
v 0.009879 0.129786 -0.023851
v -0.526147 -0.442607 2.684127
v 0.019379 0.122256 -0.046785
v -0.985305 0.650386 2.873540
v -0.769021 0.670231 2.529351
v 0.028134 0.110027 -0.067922
v -0.735932 0.451821 2.206533
v 0.035808 0.093570 -0.086448
v 0.042106 0.073518 -0.101652
v -0.987192 0.666961 2.863937
v -0.764241 -0.367756 0.114042
v 0.046785 0.050640 -0.112950
v 0.049667 0.025816 -0.119907
v -0.735932 0.646733 2.542965
v 0.050640 0.000000 -0.122256
v -0.985305 0.683537 2.854334
v -0.442607 0.442607 2.854759
v 0.049667 -0.025816 -0.119907
v 0.046785 -0.050640 -0.112950
v -0.979717 0.699475 2.845099
v 0.042106 -0.073518 -0.101652
v -0.695090 -0.047378 1.858509
v -0.708775 0.423189 2.223122
v 0.035808 -0.093570 -0.086448
v 0.028134 -0.110027 -0.067922
v -0.442607 0.526146 2.684127
v -0.970643 0.714164 2.836589
v 0.019379 -0.122256 -0.046785
v 0.009879 -0.129786 -0.023851
v -0.708775 0.618101 2.559553
v 0.014343 0.129786 -0.021465
v -0.599856 0.367756 0.129668
v 0.028134 0.122256 -0.042106
v -0.958431 0.727040 2.829130
v 0.040844 0.110027 -0.061128
v -0.688597 0.390523 2.242046
v 0.051985 0.093570 -0.077801
v -0.688597 0.585436 2.578477
v -0.943552 0.737606 2.823009
v 0.061128 0.073518 -0.091484
v -0.695090 -0.060816 1.893850
v 0.067922 0.050640 -0.101652
v 0.072105 0.025816 -0.107913
v -0.526147 0.442607 2.684127
v -0.926575 0.745457 2.818460
v 0.073518 0.000000 -0.110027
v -0.676171 0.355079 2.262581
v 0.072105 -0.025816 -0.107913
v 0.067922 -0.050640 -0.101652
v -0.908155 0.750292 2.815659
v 0.061128 -0.073518 -0.091484
v -0.676171 0.549991 2.599012
v -0.599856 0.468536 0.114042
v 0.051985 -0.093570 -0.077801
v -0.695090 -0.067102 1.931135
v 0.040844 -0.110027 -0.061128
v -0.888999 0.751925 2.814713
v 0.028134 -0.122256 -0.042106
v -0.671975 0.318218 2.283937
v 0.014343 -0.129786 -0.021465
v 0.018255 0.129786 -0.018255
v -0.442607 -0.526146 0.876050
v 0.035808 0.122256 -0.035808
v -0.869842 0.750292 2.815659
v -0.671975 0.513131 2.620368
v 0.051985 0.110027 -0.051985
v 0.066164 0.093570 -0.066164
v -0.526147 -0.442607 0.876050
v -0.851422 0.745457 2.818460
v 0.077801 0.073518 -0.077801
v 0.086448 0.050640 -0.086448
v -0.676171 0.281357 2.305292
v 0.091773 0.025816 -0.091773
v -0.695090 -0.065993 1.968929
v 0.093570 0.000000 -0.093570
v -0.834446 0.737606 2.823009
v 0.091773 -0.025816 -0.091773
v -0.676171 0.476270 2.641724
v 0.086448 -0.050640 -0.086448
v -0.764241 0.367756 0.114042
v -0.819566 0.727040 2.829130
v 0.077801 -0.073518 -0.077801
v -0.688597 0.245913 2.325827
v 0.066164 -0.093570 -0.066164
v -0.442607 -0.442607 0.705418
v 0.051985 -0.110027 -0.051985
v -0.807355 0.714164 2.836589
v 0.035808 -0.122256 -0.035808
v -0.688597 0.440825 2.662258
v 0.018255 -0.129786 -0.018255
v 0.021465 0.129786 -0.014343
v -0.695090 -0.057532 2.005781
v -0.798280 0.699475 2.845099
v 0.042106 0.122256 -0.028134
v -0.708775 0.213247 2.344752
v 0.061128 0.110027 -0.040844
v -0.708775 0.408160 2.681183
v 0.077801 0.093570 -0.051985
v -0.792693 0.683537 2.854334
v 0.091484 0.073518 -0.061128
v -0.599856 -0.468536 0.000001
v 0.101652 0.050640 -0.067922
v 0.107913 0.025816 -0.072105
v -0.695090 -0.042044 2.040274
v 0.110027 0.000000 -0.073518
v -0.790806 0.666961 2.863937
v -0.735932 0.184615 2.361340
v 0.107913 -0.025816 -0.072105
v -0.442607 0.526146 0.876050
v 0.101652 -0.050640 -0.067922
v 0.091484 -0.073518 -0.061128
v -0.792693 0.650386 2.873540
v -0.735932 0.379528 2.697771
v 0.077801 -0.093570 -0.051985
v 0.061128 -0.110027 -0.040844
v -0.769021 0.161118 2.374953
v -0.798280 0.634447 2.882774
v 0.042106 -0.122256 -0.028134
v -0.442607 0.442607 0.705418
v 0.021465 -0.129786 -0.014343
v 0.000000 0.132329 0.000000
v -0.695090 -0.020125 2.071082
v -0.807355 0.619758 2.891284
v 0.023851 0.129786 -0.009879
v -0.769021 0.356031 2.711384
v 0.046785 0.122256 -0.019379
v -0.526147 0.442607 0.876050
v 0.067922 0.110027 -0.028134
v -0.819566 0.606883 2.898743
v 0.086448 0.093570 -0.035808
v -0.806773 0.143658 2.385068
v 0.101652 0.073518 -0.042106
v -0.806773 0.338570 2.721500
v 0.112950 0.050640 -0.046785
v -0.834446 0.596317 2.904865
v 0.119907 0.025816 -0.049667
v -0.764241 -0.367756 0.000001
v 0.122256 0.000000 -0.050640
v -0.695090 0.007384 2.097023
v 0.119907 -0.025816 -0.049667
v 0.112950 -0.050640 -0.046785
v -0.851422 0.588465 2.909414
v -0.847736 0.132906 2.391298
v 0.101652 -0.073518 -0.042106
v -0.869842 0.583630 2.912215
v 0.086448 -0.093570 -0.035808
v 0.067922 -0.110027 -0.028134
v -0.580510 -0.355896 0.027681
v -0.847736 0.327818 2.727729
v 0.046785 -0.122256 -0.019379
v -0.888999 0.581505 2.963732
v 0.023851 -0.129786 -0.009879
v 0.025320 0.129786 -0.005036
v 0.442607 -0.526146 2.684127
v -0.913184 0.583566 2.962538
v 0.049667 0.122256 -0.009879
v 0.072105 0.110027 -0.014343
v -0.890337 0.129275 2.393401
v 0.091773 0.093570 -0.018255
v -0.936440 0.589670 2.959001
v -0.695090 0.039425 2.117098
v 0.107913 0.073518 -0.021465
v -0.890337 0.324188 2.729833
v 0.119907 0.050640 -0.023851
v -0.957873 0.599583 2.953258
v 0.127292 0.025816 -0.025320
v 0.129786 0.000000 -0.025816
v 0.526147 -0.442607 2.684127
v 0.127292 -0.025816 -0.025320
v -0.976659 0.612923 2.945529
v -0.992076 0.629178 2.936112
v 0.119907 -0.050640 -0.023851
v 0.107913 -0.073518 -0.021465
v -0.932937 0.132906 2.391298
v 0.091773 -0.093570 -0.018255
v -0.599856 0.468536 0.000001
v -1.003532 0.647723 2.925368
v 0.072105 -0.110027 -0.014343
v -1.010587 0.667846 2.913710
v 0.049667 -0.122256 -0.009879
v 0.025320 -0.129786 -0.005036
v -0.932937 0.327818 2.727729
v 0.025816 0.129786 0.000000
v -0.695090 0.074766 2.130537
v 0.050640 0.122256 0.000000
v -1.012969 0.688773 2.901585
v 0.073518 0.110027 0.000000
v -1.010587 0.709700 2.889461
v 0.093570 0.093570 -0.000000
v -0.973900 0.143658 2.385068
v 0.110027 0.073518 0.000000
v -1.003532 0.729823 2.877803
v 0.122256 0.050640 -0.000000
v 0.442607 -0.442607 2.854759
v 0.129786 0.025816 0.000000
v -0.992076 0.748368 2.867059
v 0.132329 0.000000 0.000000
v -0.973900 0.338570 2.721500
v 0.129786 -0.025816 0.000000
v -0.976659 0.764623 2.857641
v -1.011652 0.161118 2.374953
v 0.122256 -0.050640 -0.000000
v -0.580510 0.355896 0.027681
v 0.110027 -0.073518 0.000000
v 0.093570 -0.093570 -0.000000
v -0.957873 0.777963 2.849913
v 0.073518 -0.110027 0.000000
v -0.936440 0.787876 2.844170
v 0.050640 -0.122256 0.000000
v -1.011652 0.356031 2.711384
v -0.913184 0.793980 2.840633
v 0.025816 -0.129786 0.000000
v -0.695090 0.112051 2.136822
v 0.025320 0.129786 0.005036
v -1.044742 0.184615 2.361340
v 0.049667 0.122256 0.009879
v -0.888999 0.796041 2.839439
v 0.072105 0.110027 0.014343
v -0.864813 0.793980 2.840633
v 0.091773 0.093570 0.018255
v 0.442607 0.526146 2.684127
v 0.107913 0.073518 0.021465
v -1.044742 0.379528 2.697771
v 0.119907 0.050640 0.023851
v -0.841558 0.787876 2.844170
v 0.127292 0.025816 0.025320
v -0.764241 0.367756 0.000001
v 0.129786 0.000000 0.025816
v -0.820125 0.777963 2.849913
v 0.127292 -0.025816 0.025320
v -1.071898 0.213247 2.344752
v 0.119907 -0.050640 0.023851
v -0.801339 0.764623 2.857641
v 0.107913 -0.073518 0.021465
v 0.091773 -0.093570 0.018255
v -0.695090 0.149845 2.135713
v -0.785921 0.748368 2.867059
v 0.072105 -0.110027 0.014343
v -1.071898 0.408160 2.681183
v 0.049667 -0.122256 0.009879
v -0.774465 0.729823 2.877803
v 0.025320 -0.129786 0.005036
v 0.023851 0.129786 0.009879
v 0.442607 0.442607 2.854759
v 0.046785 0.122256 0.019379
v -0.767411 0.709700 2.889461
v -1.092077 0.245913 2.325827
v -0.765029 0.688773 2.901585
v -0.767411 0.667846 2.913710
v 0.526147 0.442607 2.684127
v -1.092077 0.440825 2.662258
v -0.774465 0.647723 2.925368
v -0.785921 0.629178 2.936112
v 0.599856 -0.468536 0.114042
v -0.801339 0.612923 2.945529
v -0.695090 0.186697 2.127253
v -1.104503 0.281357 2.305292
v -0.820125 0.599583 2.953258
v 0.046785 -0.122256 0.019379
v 0.442607 -0.526146 0.876050
v 0.023851 -0.129786 0.009879
v -0.841558 0.589670 2.959001
v 0.021465 0.129786 0.014343
v -1.104503 0.476270 2.641724
v -0.864813 0.583566 2.962538
v 0.442607 -0.442607 0.705418
v -0.888999 0.603809 2.950809
v -0.908155 0.605442 2.949864
v -1.108698 0.318218 2.283937
v -0.695090 0.221190 2.111765
v -0.926575 0.610277 2.947062
v -1.108698 0.513131 2.620368
v -0.943552 0.618128 2.942514
v 0.526147 -0.442607 0.876050
v -0.958431 0.628695 2.936392
v -0.970643 0.641570 2.928933
v 0.021465 -0.129786 0.014343
v -1.104503 0.355079 2.262581
v -0.979717 0.656259 2.920423
v 0.018255 0.129786 0.018255
v -0.695090 0.251998 2.089845
v -0.985305 0.672198 2.911189
v -1.104503 0.549991 2.599012
v -0.987192 0.688773 2.901585
v 0.764241 -0.367756 0.114042
v -1.092077 0.390523 2.242046
v -0.985305 0.705349 2.891983
v 0.599856 -0.367756 0.129668
v -0.979717 0.721287 2.882748
v -1.092077 0.585436 2.578477
v -0.970643 0.735976 2.874238
v -1.071898 0.423189 2.223122
v -0.958431 0.748851 2.866779
v 0.018255 -0.129786 0.018255
v -0.695090 0.277939 2.062336
v 0.014343 0.129786 0.021465
v -0.943552 0.759418 2.860657
v -0.926575 0.767269 2.856109
v 0.442607 0.526146 0.876050
v -1.071898 0.618101 2.559553
v -0.908155 0.772104 2.853307
v -0.888999 0.773737 2.852361
v 0.526147 0.442607 0.876050
v -0.869842 0.772104 2.853307
v -1.044742 0.451821 2.206533
v -1.044742 0.646733 2.542965
v -0.851422 0.767269 2.856109
v 0.599856 0.468536 0.114042
v -0.834446 0.759418 2.860657
v -0.819566 0.748851 2.866779
v 0.014343 -0.129786 0.021465
v -0.695090 0.298014 2.030296
v 0.009879 0.129786 0.023851
v -1.011652 0.475318 2.192920
v -0.807355 0.735976 2.874238
v 0.442607 0.442607 0.705418
v -0.798280 0.721287 2.882748
v -0.792693 0.705349 2.891983
v -1.011652 0.670231 2.529351
v -0.695090 0.311453 1.994954
v -0.790806 0.688773 2.901585
v -0.973900 0.492778 2.182804
v -0.792693 0.672198 2.911189
v -0.973900 0.687691 2.519236
v -0.798280 0.656259 2.920423
v -0.807355 0.641570 2.928933
v 0.599856 0.367756 0.129668
v -0.819566 0.628695 2.936392
v 0.009879 -0.129786 0.023851
v -0.932937 0.503530 2.176575
v 0.005036 0.129786 0.025320
v 0.764241 0.367756 0.114042
v -0.834446 0.618128 2.942514
v -0.932937 0.698443 2.513007
v -0.851422 0.610277 2.947062
v 0.599856 -0.468536 0.000001
v -0.869842 0.605442 2.949864
v -0.695090 0.317738 1.957669
v 0.580510 -0.355896 0.027681
v 0.764241 -0.367756 0.000001
v -0.695090 0.316629 1.919875
v 0.599856 0.468536 0.000001
v 0.764241 0.367756 0.000001
v -0.695090 0.308168 1.883024
v 0.580510 0.355896 0.027681
v 0.005036 -0.129786 0.025320
v -0.695090 0.292681 1.848531
v -0.000000 0.129786 0.025816
v -0.599856 0.367756 0.000001
v -0.599856 -0.367756 0.000001
v 0.599856 -0.367756 0.000001
v -0.695090 0.270761 1.817722
v 0.599856 0.367756 0.000001
v -0.695090 0.243253 1.791782
v -0.308209 0.205941 0.129668
v -0.262111 0.262113 0.129668
v -0.695090 0.211212 1.771706
v -0.205939 0.308212 0.129668
v -0.072316 0.363561 0.129668
v -0.695090 0.175870 1.758268
v -0.141853 0.342467 0.129668
v -0.029722 0.367756 0.129668
v -0.000000 -0.129786 0.025816
v -0.695090 0.138586 1.751982
v -0.005036 0.129786 0.025320
v 0.072316 0.363561 0.129668
v 0.029722 0.367756 0.129668
v -0.695090 0.100791 1.753091
v 0.141853 0.342467 0.129668
v 0.370679 0.000003 0.129668
v -0.695090 0.063940 1.761552
v 0.363557 -0.072313 0.129668
v 0.363557 0.072319 0.129668
v 0.342464 0.141856 0.129668
v 0.342463 -0.141850 0.129668
v -1.081068 0.220796 2.111078
v 0.308209 0.205941 0.129668
v 0.262111 0.262113 0.129668
v -0.005036 -0.129786 0.025320
v -1.077362 0.188145 2.129781
v -0.009879 0.129786 0.023851
v 0.205939 0.308212 0.129668
v -0.363557 -0.072313 0.129668
v -1.066386 0.156749 2.147766
v -0.370679 0.000003 0.129668
v -0.363557 0.072319 0.129668
v -1.048562 0.127815 2.164341
v -0.205938 -0.308205 0.129668
v -0.262109 -0.262106 0.129668
v -1.024575 0.102453 2.178869
v -0.308208 -0.205935 0.129668
v -0.342463 -0.141850 0.129668
v -0.995347 0.081639 2.190792
v -0.342464 0.141856 0.129668
v -0.962002 0.066173 2.199651
v -0.141852 -0.342459 0.129668
v -0.009879 -0.129786 0.023851
v -0.072316 -0.363553 0.129668
v -0.014343 0.129786 0.021465
v -0.925819 0.056650 2.205107
v -0.029641 -0.367756 0.129668
v 0.029641 -0.367756 0.129668
v -0.888191 0.053434 2.206949
v 0.308208 -0.205935 0.129668
v 0.205938 -0.308205 0.129668
v -0.850562 0.056650 2.205107
v 0.141852 -0.342459 0.129668
v 0.262109 -0.262106 0.129668
v -0.814380 0.066173 2.199651
v 0.072316 -0.363553 0.129668
v 0.000000 -0.370921 0.129177
v 0.000000 0.370929 0.129176
v -0.014343 -0.129786 0.021465
v -0.781034 0.081639 2.190792
v 0.000000 0.265634 0.339762
v -0.018255 0.129786 0.018255
v 0.051822 0.260530 0.339762
v -0.751806 0.102453 2.178869
v 0.101653 0.245414 0.339762
v 0.051823 0.260530 0.339762
v -0.727819 0.127815 2.164341
v 0.147578 0.220867 0.339761
v 0.101654 0.245414 0.339761
v -0.709996 0.156749 2.147766
v 0.187831 0.187832 0.339761
v 0.147578 0.220867 0.339761
v -0.699020 0.188145 2.129781
v 0.220866 0.147579 0.339760
v 0.187832 0.187832 0.339761
v -0.018255 -0.129786 0.018255
v -0.695314 0.220796 2.111078
v 0.000000 -0.132329 0.000000
v 0.245414 0.101655 0.339760
v -0.021465 0.129786 0.014343
v 0.220867 0.147578 0.339760
v -0.699020 0.253447 2.092374
v 0.260530 0.051824 0.339759
v 0.245414 0.101654 0.339759
v -0.709996 0.284843 2.074389
v 0.265634 0.000001 0.339758
v 0.260530 0.051823 0.339758
v -0.727819 0.313778 2.057815
v 0.260530 -0.051822 0.339757
v 0.265634 0.000000 0.339758
v -0.751806 0.339139 2.043287
v 0.245414 -0.101653 0.339756
v 0.260530 -0.051823 0.339757
v -0.781034 0.359953 2.031363
v 0.220867 -0.147578 0.339756
v -0.021465 -0.129786 0.014343
v -0.023851 0.129786 0.009879
v -0.814380 0.375419 2.022504
v -0.046785 0.122256 0.019379
v 0.245414 -0.101654 0.339756
v 0.187832 -0.187831 0.339755
v -0.850562 0.384943 2.017048
v 0.220867 -0.147578 0.339755
v 0.147579 -0.220866 0.339754
v 0.187832 -0.187832 0.339755
v -0.888191 0.388159 2.015206
v 0.101654 -0.245414 0.339754
v 0.147578 -0.220867 0.339754
v -0.925819 0.384943 2.017048
v 0.051823 -0.260530 0.339754
v -0.962002 0.375419 2.022504
v 0.101654 -0.245414 0.339754
v -0.046785 -0.122256 0.019379
v -0.023851 -0.129786 0.009879
v 0.051823 -0.260530 0.339754
v -0.995347 0.359953 2.031363
v -0.025320 0.129786 0.005036
v 0.000000 -0.265634 0.339754
v -0.049667 0.122256 0.009879
v -0.051823 -0.260530 0.339754
v -0.072105 0.110027 0.014343
v -0.091773 0.093570 0.018255
v -1.024575 0.339139 2.043287
v -0.107913 0.073518 0.021465
v -0.051823 -0.260530 0.339754
v -0.119907 0.050640 0.023851
v -0.101654 -0.245414 0.339754
v -1.048562 0.313778 2.057815
v -0.127292 0.025816 0.025320
v -0.101654 -0.245414 0.339754
v -0.129786 0.000000 0.025816
v -0.147578 -0.220867 0.339754
v -0.127292 -0.025816 0.025320
v -0.147579 -0.220866 0.339754
v -0.119907 -0.050640 0.023851
v -0.107913 -0.073518 0.021465
v -1.066386 0.284843 2.074390
v -0.091773 -0.093570 0.018255
v -0.187832 -0.187831 0.339755
v -0.072105 -0.110027 0.014343
v -0.187832 -0.187832 0.339755
v -0.049667 -0.122256 0.009879
v -1.077362 0.253447 2.092374
v -0.220867 -0.147578 0.339756
v -0.025320 -0.129786 0.005036
v -0.220867 -0.147578 0.339755
v -0.025816 0.129786 -0.000000
v -0.050640 0.122256 -0.000000
v -0.245414 -0.101653 0.339756
v -0.073518 0.110027 -0.000000
v -0.245414 -0.101654 0.339756
v -0.093570 0.093570 -0.000000
v -0.260530 -0.051822 0.339757
v -0.110027 0.073518 -0.000000
v -0.260530 -0.051823 0.339757
v -0.122256 0.050640 -0.000000
v -0.265634 0.000001 0.339758
v -0.129786 0.025816 -0.000000
v -0.265634 0.000000 0.339758
v -0.260530 0.051823 0.339758
v -0.132329 0.000000 -0.000000
v -0.260530 0.051824 0.339759
v -0.129786 -0.025816 -0.000000
v -0.122256 -0.050640 -0.000000
v -0.245414 0.101654 0.339759
v -0.245414 0.101655 0.339760
v -0.110027 -0.073518 -0.000000
v -0.093570 -0.093570 -0.000000
v -0.220867 0.147578 0.339760
v -0.073518 -0.110027 -0.000000
v -0.220866 0.147579 0.339760
v -0.050640 -0.122256 -0.000000
v -0.187832 0.187832 0.339761
v -0.187831 0.187832 0.339761
v -0.025816 -0.129786 -0.000000
v -0.025320 0.129786 -0.005036
v -0.147578 0.220867 0.339761
v -0.147578 0.220867 0.339761
v -0.049667 0.122256 -0.009879
v -0.101653 0.245414 0.339762
v -0.072105 0.110027 -0.014343
v -0.091773 0.093570 -0.018255
v -0.101654 0.245414 0.339761
v -0.107913 0.073518 -0.021465
v -0.051822 0.260530 0.339762
v -0.119907 0.050640 -0.023851
v -0.051823 0.260530 0.339762
v 0.005823 0.265061 0.705418
v -0.127292 0.025816 -0.025320
v 0.000000 0.265634 0.705418
v -0.129786 0.000000 -0.025816
v -0.127292 -0.025816 -0.025320
v 0.005823 0.265061 0.705418
v -0.119907 -0.050640 -0.023851
v 0.051823 0.260530 0.705418
v -0.107913 -0.073518 -0.021465
v 0.057422 0.258832 0.705418
v -0.091773 -0.093570 -0.018255
v 0.057422 0.258831 0.705418
v 0.101654 0.245414 0.705418
v -0.072105 -0.110027 -0.014343
v 0.147578 0.220867 0.705418
v -0.049667 -0.122256 -0.009879
v 0.187832 0.187832 0.705418
v -0.025320 -0.129786 -0.005036
v -0.023851 0.129786 -0.009879
v 0.220867 0.147578 0.705418
v -0.046785 0.122256 -0.019379
v 0.245414 0.101654 0.705418
v -0.067922 0.110027 -0.028134
v 0.260530 0.051823 0.705418
v 0.265634 0.000000 0.705418
v -0.086448 0.093570 -0.035808
v -0.101652 0.073518 -0.042106
v 0.260530 -0.051823 0.705418
v 0.245414 -0.101654 0.705418
v -0.112950 0.050640 -0.046785
v -0.119907 0.025816 -0.049667
v 0.220867 -0.147578 0.705418
v 0.187832 -0.187832 0.705418
v -0.122256 0.000000 -0.050640
v 0.147578 -0.220867 0.705418
v -0.119907 -0.025816 -0.049667
v 0.101654 -0.245414 0.705418
v -0.112950 -0.050640 -0.046785
v 0.101654 -0.245414 0.705418
v -0.101652 -0.073518 -0.042106
v 0.051823 -0.260530 0.705418
v -0.086448 -0.093570 -0.035808
v 0.051823 -0.260530 0.705418
v -0.067922 -0.110027 -0.028134
v 0.000000 -0.265634 0.705418
v -0.046785 -0.122256 -0.019379
v -0.051823 -0.260530 0.705418
v -0.023851 -0.129786 -0.009879
v -0.096055 -0.247112 0.705418
v -0.021465 0.129786 -0.014343
v -0.096055 -0.247112 0.705418
v -0.042106 0.122256 -0.028134
v -0.101654 -0.245414 0.705418
v -0.061128 0.110027 -0.040844
v -0.077801 0.093570 -0.051985
v -0.142418 -0.223625 0.705418
v -0.091484 0.073518 -0.061128
v -0.142418 -0.223625 0.705418
v -0.101652 0.050640 -0.067922
v -0.147578 -0.220867 0.705418
v -0.107913 0.025816 -0.072105
v -0.187832 -0.187832 0.705418
v -0.110027 0.000000 -0.073518
v -0.220867 -0.147578 0.705418
v -0.245414 -0.101654 0.705418
v -0.107913 -0.025816 -0.072105
v -0.260530 -0.051823 0.705418
v -0.101652 -0.050640 -0.067922
v -0.091484 -0.073518 -0.061128
v -0.265634 0.000000 0.705418
v -0.260530 0.051823 0.705418
v -0.077801 -0.093570 -0.051985
v -0.061128 -0.110027 -0.040844
v -0.245414 0.101654 0.705418
v -0.042106 -0.122256 -0.028134
v -0.220867 0.147578 0.705418
v -0.021465 -0.129786 -0.014343
v -0.187832 0.187832 0.705418
v -0.147578 0.220867 0.705418
v -0.018255 0.129786 -0.018255
v -0.142418 0.223625 0.705418
v -0.035808 0.122256 -0.035808
v -0.101654 0.245414 0.705418
v -0.051985 0.110027 -0.051985
v -0.051823 0.260530 0.705418
v -0.066164 0.093570 -0.066164
v -0.101654 0.245414 0.705418
v -0.077801 0.073518 -0.077801
v -0.051823 0.260530 0.705418
v -0.086448 0.050640 -0.086448
v -0.526147 0.112051 2.136822
v -0.091772 0.025816 -0.091773
v -0.526147 0.128603 2.136337
v -0.093570 0.000000 -0.093570
v -0.526147 0.074766 2.130537
v -0.091772 -0.025816 -0.091773
v -0.086448 -0.050640 -0.086448
v -0.526147 0.149845 2.135713
v -0.077801 -0.073518 -0.077801
v -0.526147 0.039425 2.117098
v -0.066164 -0.093570 -0.066164
v -0.526147 0.186697 2.127253
v -0.051985 -0.110027 -0.051985
v -0.526147 0.007384 2.097023
v -0.035808 -0.122256 -0.035808
v -0.526147 0.221190 2.111765
v -0.018255 -0.129786 -0.018255
v -0.526147 -0.020125 2.071082
v -0.526147 0.251998 2.089845
v -0.014343 0.129786 -0.021465
v -0.526147 -0.042044 2.040274
v -0.028134 0.122256 -0.042106
v -0.526147 0.277939 2.062336
v -0.040844 0.110027 -0.061128
v -0.526147 -0.057532 2.005781
v -0.051985 0.093570 -0.077801
v -0.061128 0.073518 -0.091484
v -0.526147 0.298014 2.030296
v -0.067922 0.050640 -0.101652
v -0.526147 -0.065993 1.968929
v -0.072105 0.025816 -0.107913
v -0.526147 0.311453 1.994954
v -0.526147 -0.067102 1.931135
v -0.073518 0.000000 -0.110027
v -0.072105 -0.025816 -0.107913
v -0.526147 0.317738 1.957669
v -0.526147 0.316629 1.919875
v -0.067922 -0.050640 -0.101652
v -0.526147 0.270761 1.817722
v -0.061128 -0.073518 -0.091484
v -0.526147 0.292681 1.848531
v -0.051985 -0.093570 -0.077801
v -0.526147 0.308168 1.883024
v -0.040844 -0.110027 -0.061128
v -0.526147 0.243253 1.791782
v -0.028134 -0.122256 -0.042106
v -0.526147 -0.001362 1.798959
v -0.014343 -0.129786 -0.021465
v -0.009879 0.129786 -0.023851
v -0.526147 0.211212 1.771706
v -0.019379 0.122256 -0.046785
v -0.526147 0.029447 1.777040
v -0.028134 0.110027 -0.067922
v -0.526147 0.175870 1.758268
v -0.526147 0.063940 1.761552
v -0.035808 0.093570 -0.086448
v -0.526147 0.100791 1.753091
v -0.042106 0.073518 -0.101652
v -0.526147 0.138586 1.751982
v -0.046785 0.050640 -0.112949
v -0.526147 -0.060816 1.893850
v -0.049667 0.025816 -0.119907
v -0.526147 -0.027302 1.826468
v -0.050640 0.000000 -0.122256
v -0.526147 -0.047378 1.858509
v -0.049667 -0.025816 -0.119907
v -1.081068 0.319418 2.283242
v -0.046785 -0.050640 -0.112949
v -1.077362 0.286859 2.302105
v -0.042106 -0.073518 -0.101652
v -1.066386 0.255551 2.320243
v -0.035808 -0.093570 -0.086448
v -1.048562 0.226697 2.336960
v -0.028134 -0.110027 -0.067922
v -0.019379 -0.122256 -0.046785
v -1.024575 0.201406 2.351612
v -0.009879 -0.129786 -0.023851
v -0.995347 0.180651 2.363636
v -0.005036 0.129786 -0.025320
v -0.962002 0.165229 2.372571
v -0.925819 0.155731 2.378074
v -0.009879 0.122256 -0.049667
v -0.888191 0.152524 2.379932
v -0.014343 0.110027 -0.072105
v -0.850562 0.155731 2.378074
v -0.018255 0.093570 -0.091773
v -0.021465 0.073518 -0.107913
v -0.814380 0.165229 2.372571
v -0.023851 0.050640 -0.119907
v -0.781034 0.180651 2.363636
v -0.751806 0.201406 2.351612
v -0.025320 0.025816 -0.127292
v -0.740194 0.213650 2.344519
v -0.025816 0.000000 -0.129786
v -0.727819 0.226697 2.336960
v -0.025320 -0.025816 -0.127292
v -0.709996 0.255551 2.320243
v -0.023851 -0.050640 -0.119907
v -0.699020 0.286859 2.302105
v -0.021465 -0.073518 -0.107913
v -0.695314 0.319418 2.283242
v -0.018255 -0.093570 -0.091773
v -0.014343 -0.110027 -0.072105
v -0.699020 0.351977 2.264378
v -0.709996 0.383285 2.246240
v -0.009879 -0.122256 -0.049667
v -0.005036 -0.129786 -0.025320
v -0.727819 0.412139 2.229523
v -0.751806 0.437429 2.214871
v 0.000000 0.129786 -0.025816
v -0.781034 0.458185 2.202847
v 0.000000 0.122256 -0.050640
v -0.814380 0.473607 2.193911
v 0.000000 0.093570 -0.093570
v -0.850562 0.483104 2.188409
v 0.000000 0.050640 -0.122256
v -0.888191 0.486311 2.186551
v 0.000000 -0.050640 -0.122256
v 0.000000 -0.093570 -0.093570
v -0.925819 0.483104 2.188409
v -0.962002 0.473607 2.193911
v 0.000000 -0.110027 -0.073518
v -0.995347 0.458185 2.202847
v 0.000000 -0.122256 -0.050640
v 0.000000 -0.129786 -0.025816
v -1.024575 0.437429 2.214871
v -1.048562 0.412139 2.229523
v -1.066386 0.383285 2.246240
v -1.077362 0.351977 2.264378
v -1.012969 0.522653 2.614851
v -1.010587 0.501726 2.626975
v -1.010587 0.543580 2.602727
v -0.992076 0.463058 2.649378
v -0.976659 0.446803 2.658795
v -1.003532 0.481603 2.638633
v -1.003532 0.563702 2.591069
v -0.992076 0.582248 2.580325
v -0.976659 0.598503 2.570907
v -0.957873 0.433463 2.666524
v -0.864813 0.627860 2.553899
v -0.888999 0.629921 2.552705
v -0.820125 0.611843 2.563179
v -0.841558 0.621755 2.557436
v -0.957873 0.611843 2.563179
v -0.936440 0.621755 2.557436
v -0.913184 0.627860 2.553899
v -0.936440 0.423550 2.672267
v -0.888999 0.415385 2.676997
v -0.913184 0.417446 2.675803
v -0.864813 0.417446 2.675803
v -0.850066 0.421317 2.673560
v -0.841558 0.423550 2.672267
v -0.820125 0.433463 2.666524
v -0.801339 0.446803 2.658795
v -0.785921 0.582248 2.580325
v -0.765029 0.522653 2.614851
v -0.767411 0.543580 2.602727
v -0.767411 0.501726 2.626975
v -0.785921 0.463058 2.649378
v -0.774465 0.481603 2.638633
v -0.774465 0.563702 2.591069
v -0.801339 0.598503 2.570907
v -0.129220 0.000000 0.027681
v -0.126576 -0.025816 0.027681
v -0.118745 -0.050640 0.027681
v -0.126576 0.025816 0.027681
v -0.118745 0.050640 0.027681
v -0.106027 0.073518 0.027681
v -0.068059 0.110027 0.027681
v -0.088913 0.093570 0.027681
v -0.041428 0.122503 0.027681
v -0.042348 0.122256 0.027681
v -0.066828 0.110660 0.027681
v -0.027681 0.125742 0.027681
v -0.018496 0.127518 0.027681
v -0.011466 0.128528 0.027681
v -0.000000 0.129220 0.027681
v 0.011466 0.128528 0.027681
v 0.005506 0.129056 0.027681
v -0.005506 0.129056 0.027681
v 0.066828 0.110660 0.027681
v 0.042348 0.122256 0.027681
v 0.041428 0.122503 0.027681
v 0.027681 0.125742 0.027681
v 0.106027 0.073518 0.027681
v 0.088913 0.093570 0.027681
v 0.068059 0.110027 0.027681
v 0.018496 0.127518 0.027681
v -0.106027 -0.073518 0.027681
v -0.088913 -0.093570 0.027681
v -0.041428 -0.122503 0.027681
v -0.042348 -0.122256 0.027681
v -0.066828 -0.110660 0.027681
v -0.027681 -0.125742 0.027681
v -0.068059 -0.110027 0.027681
v -0.005506 -0.129056 0.027681
v -0.011466 -0.128528 0.027681
v 0.005506 -0.129056 0.027681
v 0.018496 -0.127518 0.027681
v 0.011466 -0.128528 0.027681
v -0.000000 -0.129220 0.027681
v -0.018496 -0.127518 0.027681
v 0.042348 -0.122256 0.027681
v 0.041428 -0.122503 0.027681
v 0.088913 -0.093570 0.027681
v 0.068059 -0.110027 0.027681
v 0.066828 -0.110660 0.027681
v 0.129220 0.000000 0.027681
v 0.126576 -0.025816 0.027681
v 0.126576 0.025816 0.027681
v 0.118745 -0.050640 0.027681
v 0.118745 0.050640 0.027681
v 0.027681 -0.125742 0.027681
v 0.106027 -0.073518 0.027681
vn -0.0000 0.9217 -0.3879
vn 0.0392 0.9796 -0.1971
vn 0.0757 0.9217 -0.3804
vn -0.0000 -0.1939 -0.9810
vn 0.1804 -0.3805 -0.9070
vn -0.0000 -0.3805 -0.9248
vn -0.0000 0.8286 -0.5598
vn 0.1092 0.8286 -0.5490
vn 0.1626 -0.5528 -0.8173
vn -0.0000 -0.5528 -0.8333
vn -0.0000 0.7041 -0.7101
vn 0.1385 0.7041 -0.6965
vn 0.1385 -0.7041 -0.6965
vn -0.0000 -0.7041 -0.7101
vn -0.0000 0.5528 -0.8333
vn 0.1626 0.5528 -0.8173
vn 0.1092 -0.8286 -0.5490
vn -0.0000 -0.8286 -0.5598
vn -0.0000 0.3805 -0.9248
vn 0.1804 0.3805 -0.9070
vn 0.0757 -0.9217 -0.3804
vn -0.0000 -0.9217 -0.3879
vn -0.0000 0.1939 -0.9810
vn 0.1914 0.1939 -0.9622
vn 0.0392 -0.9796 -0.1971
vn -0.0000 -0.9796 -0.2010
vn 0.1951 -0.0000 -0.9808
vn -0.0000 -0.0000 -1.0000
vn -0.0000 0.9796 -0.2010
vn -0.0000 1.0000 -0.0000
vn -0.0000 -1.0000 -0.0000
vn 0.1914 -0.1939 -0.9622
vn 0.0769 0.9796 -0.1857
vn 0.0769 -0.9796 -0.1857
vn 0.3754 -0.1939 -0.9063
vn 0.1484 0.9217 -0.3584
vn 0.3539 -0.3805 -0.8544
vn 0.2142 0.8286 -0.5172
vn 0.3189 -0.5528 -0.7699
vn 0.2718 0.7041 -0.6561
vn 0.2718 -0.7041 -0.6561
vn 0.3189 0.5528 -0.7699
vn 0.2142 -0.8286 -0.5172
vn 0.3539 0.3805 -0.8544
vn 0.1484 -0.9217 -0.3584
vn 0.3754 0.1939 -0.9063
vn 0.3827 -0.0000 -0.9239
vn 0.4630 0.5528 -0.6929
vn 0.3945 -0.7041 -0.5905
vn 0.3110 -0.8286 -0.4654
vn 0.5138 0.3805 -0.7689
vn 0.2155 -0.9217 -0.3225
vn 0.5450 0.1939 -0.8157
vn 0.1117 -0.9796 -0.1671
vn 0.5556 -0.0000 -0.8315
vn 0.1117 0.9796 -0.1671
vn 0.5450 -0.1939 -0.8157
vn 0.2155 0.9217 -0.3225
vn 0.5138 -0.3805 -0.7689
vn 0.3110 0.8286 -0.4654
vn 0.4630 -0.5528 -0.6929
vn 0.3945 0.7041 -0.5905
vn 0.6937 -0.1939 -0.6937
vn 0.2743 0.9217 -0.2743
vn 0.6539 -0.3805 -0.6539
vn 0.3958 0.8286 -0.3958
vn 0.5893 -0.5528 -0.5893
vn 0.5021 0.7041 -0.5021
vn 0.5021 -0.7041 -0.5021
vn 0.5893 0.5528 -0.5893
vn 0.3958 -0.8286 -0.3958
vn 0.6539 0.3805 -0.6539
vn 0.2743 -0.9217 -0.2743
vn 0.6937 0.1939 -0.6937
vn 0.1421 -0.9796 -0.1421
vn 0.7071 -0.0000 -0.7071
vn 0.1421 0.9796 -0.1421
vn 0.4654 -0.8286 -0.3110
vn 0.7689 0.3805 -0.5138
vn 0.3225 -0.9217 -0.2155
vn 0.8157 0.1939 -0.5450
vn 0.1671 -0.9796 -0.1117
vn 0.8315 -0.0000 -0.5556
vn 0.1671 0.9796 -0.1117
vn 0.8157 -0.1939 -0.5450
vn 0.3225 0.9217 -0.2155
vn 0.7689 -0.3805 -0.5138
vn 0.4654 0.8286 -0.3110
vn 0.6929 -0.5528 -0.4630
vn 0.5905 0.7041 -0.3945
vn 0.5905 -0.7041 -0.3945
vn 0.6929 0.5528 -0.4630
vn 0.3584 0.9217 -0.1484
vn 0.8544 -0.3805 -0.3539
vn 0.5172 0.8286 -0.2142
vn 0.7699 -0.5528 -0.3189
vn 0.6561 0.7041 -0.2718
vn 0.6561 -0.7041 -0.2718
vn 0.7699 0.5528 -0.3189
vn 0.5172 -0.8286 -0.2142
vn 0.8544 0.3805 -0.3539
vn 0.3584 -0.9217 -0.1484
vn 0.9063 0.1939 -0.3754
vn 0.1857 -0.9796 -0.0769
vn 0.9239 -0.0000 -0.3827
vn 0.1857 0.9796 -0.0769
vn 0.9063 -0.1939 -0.3754
vn 0.9070 0.3805 -0.1804
vn 0.5490 -0.8286 -0.1092
vn 0.3804 -0.9217 -0.0757
vn 0.9622 0.1939 -0.1914
vn 0.1971 -0.9796 -0.0392
vn 0.9808 -0.0000 -0.1951
vn 0.1971 0.9796 -0.0392
vn 0.9622 -0.1939 -0.1914
vn 0.3804 0.9217 -0.0757
vn 0.9070 -0.3805 -0.1804
vn 0.5490 0.8286 -0.1092
vn 0.8173 -0.5528 -0.1626
vn 0.6965 0.7041 -0.1385
vn 0.6965 -0.7041 -0.1385
vn 0.8173 0.5528 -0.1626
vn 0.9248 -0.3805 -0.0000
vn 0.5598 0.8286 -0.0000
vn 0.8333 -0.5528 -0.0000
vn 0.7101 0.7041 -0.0000
vn 0.7101 -0.7041 -0.0000
vn 0.8333 0.5528 -0.0000
vn 0.5598 -0.8286 -0.0000
vn 0.9248 0.3805 -0.0000
vn 0.3879 -0.9217 -0.0000
vn 0.9810 0.1939 -0.0000
vn 0.2010 -0.9796 -0.0000
vn 1.0000 -0.0000 -0.0000
vn 0.2010 0.9796 -0.0000
vn 0.9810 -0.1939 -0.0000
vn 0.3879 0.9217 -0.0000
vn 0.3804 -0.9217 0.0757
vn 0.9070 0.3805 0.1804
vn 0.9622 0.1939 0.1914
vn 0.1971 -0.9796 0.0392
vn 0.9808 -0.0000 0.1951
vn 0.1971 0.9796 0.0392
vn 0.9622 -0.1939 0.1914
vn 0.3804 0.9217 0.0757
vn 0.9070 -0.3805 0.1804
vn 0.5490 0.8286 0.1092
vn 0.8173 -0.5528 0.1626
vn 0.6965 0.7041 0.1385
vn 0.6965 -0.7041 0.1385
vn 0.8173 0.5528 0.1626
vn 0.5490 -0.8286 0.1092
vn 0.8544 -0.3805 0.3539
vn 0.7699 -0.5528 0.3189
vn 0.6561 0.7041 0.2718
vn 0.6561 -0.7041 0.2718
vn 0.7699 0.5528 0.3189
vn 0.5172 -0.8286 0.2142
vn 0.8544 0.3805 0.3539
vn 0.3584 -0.9217 0.1484
vn 0.9063 0.1939 0.3754
vn 0.1857 -0.9796 0.0769
vn 0.9239 -0.0000 0.3827
vn 0.1857 0.9796 0.0769
vn 0.9063 -0.1939 0.3754
vn 0.3584 0.9217 0.1484
vn 0.5172 0.8286 0.2142
vn 0.1671 -0.9796 0.1117
vn 0.8157 0.1939 0.5450
vn 0.8315 -0.0000 0.5556
vn 0.1671 0.9796 0.1117
vn 0.8157 -0.1939 0.5450
vn 0.3225 0.9217 0.2155
vn 0.7689 -0.3805 0.5138
vn 0.4654 0.8286 0.3110
vn 0.6929 -0.5528 0.4630
vn 0.5905 0.7041 0.3945
vn 0.5905 -0.7041 0.3945
vn 0.6929 0.5528 0.4630
vn 0.4654 -0.8286 0.3110
vn 0.7689 0.3805 0.5138
vn 0.3225 -0.9217 0.2155
vn 0.5021 0.7041 0.5021
vn 0.5021 -0.7041 0.5021
vn 0.5893 0.5528 0.5893
vn 0.3958 -0.8286 0.3958
vn 0.6539 0.3805 0.6539
vn 0.2743 -0.9217 0.2743
vn 0.6937 0.1939 0.6937
vn 0.1421 -0.9796 0.1421
vn 0.7071 -0.0000 0.7071
vn 0.1421 0.9796 0.1421
vn 0.6937 -0.1939 0.6937
vn 0.2743 0.9217 0.2743
vn 0.6539 -0.3805 0.6539
vn 0.3958 0.8286 0.3958
vn 0.5893 -0.5528 0.5893
vn 0.5450 0.1939 0.8157
vn 0.5556 -0.0000 0.8315
vn 0.1117 0.9796 0.1671
vn 0.1117 -0.9796 0.1671
vn 0.5450 -0.1939 0.8157
vn 0.2155 0.9217 0.3225
vn 0.5138 -0.3805 0.7689
vn 0.3110 0.8286 0.4654
vn 0.4630 -0.5528 0.6929
vn 0.3945 0.7041 0.5905
vn 0.3945 -0.7041 0.5905
vn 0.4630 0.5528 0.6929
vn 0.3110 -0.8286 0.4654
vn 0.5138 0.3805 0.7689
vn 0.2155 -0.9217 0.3225
vn 0.2718 -0.7041 0.6561
vn 0.2718 0.7041 0.6561
vn 0.3189 0.5528 0.7699
vn 0.2142 -0.8286 0.5172
vn 0.3539 0.3805 0.8544
vn 0.1484 -0.9217 0.3584
vn 0.3754 0.1939 0.9063
vn 0.0769 -0.9796 0.1857
vn 0.3827 -0.0000 0.9239
vn 0.0769 0.9796 0.1857
vn 0.3754 -0.1939 0.9063
vn 0.1484 0.9217 0.3584
vn 0.3539 -0.3805 0.8544
vn 0.2142 0.8286 0.5172
vn 0.3189 -0.5528 0.7699
vn 0.0392 0.9796 0.1971
vn 0.0392 -0.9796 0.1971
vn 0.1914 -0.1939 0.9622
vn 0.0757 0.9217 0.3804
vn 0.1804 -0.3805 0.9070
vn 0.1092 0.8286 0.5490
vn 0.1626 -0.5528 0.8173
vn 0.1385 0.7041 0.6965
vn 0.1385 -0.7041 0.6965
vn 0.1626 0.5528 0.8173
vn 0.1092 -0.8286 0.5490
vn 0.1804 0.3805 0.9070
vn 0.0757 -0.9217 0.3804
vn 0.1914 0.1939 0.9622
vn 0.1951 -0.0000 0.9808
vn -0.0000 0.7041 0.7101
vn -0.0000 0.5528 0.8333
vn -0.0000 -0.7041 0.7101
vn -0.0000 -0.8286 0.5598
vn -0.0000 0.3805 0.9248
vn -0.0000 -0.9217 0.3879
vn -0.0000 0.1939 0.9810
vn -0.0000 -0.9796 0.2010
vn -0.0000 -0.0000 1.0000
vn -0.0000 0.9796 0.2010
vn -0.0000 -0.1939 0.9810
vn -0.0000 0.9217 0.3879
vn -0.0000 -0.3805 0.9248
vn -0.0000 0.8286 0.5598
vn -0.0000 -0.5528 0.8333
vn -0.1914 -0.1939 0.9622
vn -0.0757 0.9217 0.3804
vn -0.1804 -0.3805 0.9070
vn -0.1092 0.8286 0.5490
vn -0.1626 -0.5528 0.8173
vn -0.1385 0.7041 0.6965
vn -0.1385 -0.7041 0.6965
vn -0.1626 0.5528 0.8173
vn -0.1092 -0.8286 0.5490
vn -0.1804 0.3805 0.9070
vn -0.0757 -0.9217 0.3804
vn -0.1914 0.1939 0.9622
vn -0.0392 -0.9796 0.1971
vn -0.1951 -0.0000 0.9808
vn -0.0392 0.9796 0.1971
vn -0.2718 -0.7041 0.6561
vn -0.2142 -0.8286 0.5172
vn -0.3539 0.3805 0.8544
vn -0.1484 -0.9217 0.3584
vn -0.3754 0.1939 0.9063
vn -0.0769 -0.9796 0.1857
vn -0.3827 -0.0000 0.9239
vn -0.0769 0.9796 0.1857
vn -0.3754 -0.1939 0.9063
vn -0.1484 0.9217 0.3584
vn -0.3539 -0.3805 0.8544
vn -0.2142 0.8286 0.5172
vn -0.3189 -0.5528 0.7699
vn -0.2718 0.7041 0.6561
vn -0.3189 0.5528 0.7699
vn -0.5138 -0.3805 0.7689
vn -0.3110 0.8286 0.4654
vn -0.4630 -0.5528 0.6929
vn -0.3945 0.7041 0.5905
vn -0.3945 -0.7041 0.5905
vn -0.4630 0.5528 0.6929
vn -0.3110 -0.8286 0.4654
vn -0.5138 0.3805 0.7689
vn -0.2155 -0.9217 0.3225
vn -0.5450 0.1939 0.8157
vn -0.1117 -0.9796 0.1671
vn -0.5556 -0.0000 0.8315
vn -0.1117 0.9796 0.1671
vn -0.5450 -0.1939 0.8157
vn -0.2155 0.9217 0.3225
vn -0.2743 -0.9217 0.2743
vn -0.6539 0.3805 0.6539
vn -0.6937 0.1939 0.6937
vn -0.1421 -0.9796 0.1421
vn -0.7071 -0.0000 0.7071
vn -0.1421 0.9796 0.1421
vn -0.6937 -0.1939 0.6937
vn -0.2743 0.9217 0.2743
vn -0.6539 -0.3805 0.6539
vn -0.3958 0.8286 0.3958
vn -0.5893 -0.5528 0.5893
vn -0.5021 0.7041 0.5021
vn -0.5021 -0.7041 0.5021
vn -0.5893 0.5528 0.5893
vn -0.3958 -0.8286 0.3958
vn -0.4654 0.8286 0.3110
vn -0.7689 -0.3805 0.5138
vn -0.6929 -0.5528 0.4630
vn -0.5905 0.7041 0.3945
vn -0.5905 -0.7041 0.3945
vn -0.6929 0.5528 0.4630
vn -0.4654 -0.8286 0.3110
vn -0.7689 0.3805 0.5138
vn -0.3225 -0.9217 0.2155
vn -0.8157 0.1939 0.5450
vn -0.1671 -0.9796 0.1117
vn -0.8315 -0.0000 0.5556
vn -0.1671 0.9796 0.1117
vn -0.8157 -0.1939 0.5450
vn -0.3225 0.9217 0.2155
vn -0.8544 0.3805 0.3539
vn -0.9063 0.1939 0.3754
vn -0.1857 -0.9796 0.0769
vn -0.9239 -0.0000 0.3827
vn -0.1857 0.9796 0.0769
vn -0.9063 -0.1939 0.3754
vn -0.3584 0.9217 0.1484
vn -0.8544 -0.3805 0.3539
vn -0.5172 0.8286 0.2142
vn -0.7699 -0.5528 0.3189
vn -0.6561 0.7041 0.2718
vn -0.6561 -0.7041 0.2718
vn -0.7699 0.5528 0.3189
vn -0.5172 -0.8286 0.2142
vn -0.3584 -0.9217 0.1484
vn -0.9070 -0.3805 0.1804
vn -0.8173 -0.5528 0.1626
vn -0.6965 0.7041 0.1385
vn -0.6965 -0.7041 0.1385
vn -0.8173 0.5528 0.1626
vn -0.5490 -0.8286 0.1092
vn -0.9070 0.3805 0.1804
vn -0.3804 -0.9217 0.0757
vn -0.9622 0.1939 0.1914
vn -0.1971 -0.9796 0.0392
vn -0.9808 -0.0000 0.1951
vn -0.1971 0.9796 0.0392
vn -0.9622 -0.1939 0.1914
vn -0.3804 0.9217 0.0757
vn -0.5490 0.8286 0.1092
vn -0.2010 -0.9796 -0.0000
vn -0.9810 0.1939 -0.0000
vn -1.0000 -0.0000 -0.0000
vn -0.2010 0.9796 -0.0000
vn -0.9810 -0.1939 -0.0000
vn -0.3879 0.9217 -0.0000
vn -0.9248 -0.3805 -0.0000
vn -0.5598 0.8286 -0.0000
vn -0.8333 -0.5528 -0.0000
vn -0.7101 0.7041 -0.0000
vn -0.7101 -0.7041 -0.0000
vn -0.8333 0.5528 -0.0000
vn -0.5598 -0.8286 -0.0000
vn -0.9248 0.3805 -0.0000
vn -0.3879 -0.9217 -0.0000
vn -0.6965 0.7041 -0.1385
vn -0.6965 -0.7041 -0.1385
vn -0.8173 0.5528 -0.1626
vn -0.5490 -0.8286 -0.1092
vn -0.9070 0.3805 -0.1804
vn -0.3804 -0.9217 -0.0757
vn -0.9622 0.1939 -0.1914
vn -0.1971 -0.9796 -0.0392
vn -0.9808 -0.0000 -0.1951
vn -0.1971 0.9796 -0.0392
vn -0.9622 -0.1939 -0.1914
vn -0.3804 0.9217 -0.0757
vn -0.9070 -0.3805 -0.1804
vn -0.5490 0.8286 -0.1092
vn -0.8173 -0.5528 -0.1626
vn -0.9063 0.1939 -0.3754
vn -0.9239 -0.0000 -0.3827
vn -0.1857 0.9796 -0.0769
vn -0.1857 -0.9796 -0.0769
vn -0.9063 -0.1939 -0.3754
vn -0.3584 0.9217 -0.1484
vn -0.8544 -0.3805 -0.3539
vn -0.5172 0.8286 -0.2142
vn -0.7699 -0.5528 -0.3189
vn -0.6561 0.7041 -0.2718
vn -0.6561 -0.7041 -0.2718
vn -0.7699 0.5528 -0.3189
vn -0.5172 -0.8286 -0.2142
vn -0.8544 0.3805 -0.3539
vn -0.3584 -0.9217 -0.1484
vn -0.5905 -0.7041 -0.3945
vn -0.5905 0.7041 -0.3945
vn -0.6929 0.5528 -0.4630
vn -0.4654 -0.8286 -0.3110
vn -0.7689 0.3805 -0.5138
vn -0.3225 -0.9217 -0.2155
vn -0.8157 0.1939 -0.5450
vn -0.1671 -0.9796 -0.1117
vn -0.8315 -0.0000 -0.5556
vn -0.1671 0.9796 -0.1117
vn -0.8157 -0.1939 -0.5450
vn -0.3225 0.9217 -0.2155
vn -0.7689 -0.3805 -0.5138
vn -0.4654 0.8286 -0.3110
vn -0.6929 -0.5528 -0.4630
vn -0.1421 -0.9796 -0.1421
vn -0.6937 -0.1939 -0.6937
vn -0.2743 0.9217 -0.2743
vn -0.6539 -0.3805 -0.6539
vn -0.3958 0.8286 -0.3958
vn -0.5893 -0.5528 -0.5893
vn -0.5021 0.7041 -0.5021
vn -0.5021 -0.7041 -0.5021
vn -0.5893 0.5528 -0.5893
vn -0.3958 -0.8286 -0.3958
vn -0.6539 0.3805 -0.6539
vn -0.2743 -0.9217 -0.2743
vn -0.6937 0.1939 -0.6937
vn -0.7071 -0.0000 -0.7071
vn -0.1421 0.9796 -0.1421
vn -0.3945 -0.7041 -0.5905
vn -0.3110 -0.8286 -0.4654
vn -0.5138 0.3805 -0.7689
vn -0.2155 -0.9217 -0.3225
vn -0.5450 0.1939 -0.8157
vn -0.1117 -0.9796 -0.1671
vn -0.5556 -0.0000 -0.8315
vn -0.1117 0.9796 -0.1671
vn -0.5450 -0.1939 -0.8157
vn -0.2155 0.9217 -0.3225
vn -0.5138 -0.3805 -0.7689
vn -0.3110 0.8286 -0.4654
vn -0.4630 -0.5528 -0.6929
vn -0.3945 0.7041 -0.5905
vn -0.4630 0.5528 -0.6929
vn -0.0769 0.9796 -0.1857
vn -0.1484 0.9217 -0.3584
vn -0.3539 -0.3805 -0.8544
vn -0.2142 0.8286 -0.5172
vn -0.3189 -0.5528 -0.7699
vn -0.2718 0.7041 -0.6561
vn -0.2718 -0.7041 -0.6561
vn -0.3189 0.5528 -0.7699
vn -0.2142 -0.8286 -0.5172
vn -0.3539 0.3805 -0.8544
vn -0.1484 -0.9217 -0.3584
vn -0.3754 0.1939 -0.9063
vn -0.0769 -0.9796 -0.1857
vn -0.3827 -0.0000 -0.9239
vn -0.3754 -0.1939 -0.9063
vn -0.1804 0.3805 -0.9070
vn -0.0757 -0.9217 -0.3804
vn -0.1914 0.1939 -0.9622
vn -0.0392 -0.9796 -0.1971
vn -0.1951 -0.0000 -0.9808
vn -0.0392 0.9796 -0.1971
vn -0.1914 -0.1939 -0.9622
vn -0.0757 0.9217 -0.3804
vn -0.1804 -0.3805 -0.9070
vn -0.1092 0.8286 -0.5490
vn -0.1626 -0.5528 -0.8173
vn -0.1385 0.7041 -0.6965
vn -0.1385 -0.7041 -0.6965
vn -0.1626 0.5528 -0.8173
vn -0.1092 -0.8286 -0.5490
vn -0.0471 0.0766 0.9959
vn 0.0471 -0.0766 0.9959
vn -0.0370 -0.1531 0.9875
vn -0.0471 -0.0766 0.9959
vn -0.0946 -0.0400 0.9947
vn -0.0370 0.1531 0.9875
vn -0.0946 0.0400 0.9947
vn 0.0370 -0.1531 0.9875
vn 0.0946 -0.0400 0.9947
vn 0.0370 0.1531 0.9875
vn 0.0471 0.0766 0.9959
vn 0.0946 0.0400 0.9947
vn -0.5227 -0.8525 -0.0000
vn -0.5227 0.8525 -0.0000
vn 0.5227 -0.8525 -0.0000
vn 0.5227 0.8525 -0.0000
vn -0.0000 -0.1532 0.9882
vn -0.0000 -0.1485 0.9889
vn -0.0000 0.1532 0.9882
vn -0.0000 0.1485 0.9889
vn 0.8197 -0.0000 -0.5728
vn -0.0000 0.9192 -0.3938
vn -0.0000 -0.9192 -0.3938
vn -0.8197 -0.0000 -0.5728
vn 0.1843 0.9585 0.2175
vn 0.0878 0.8910 0.4455
vn -0.0000 0.8944 0.4472
vn 0.2897 0.9134 0.2858
vn 0.3423 0.8263 0.4472
vn 0.2745 0.9379 0.2120
vn 0.3658 0.8895 0.2740
vn 0.4969 0.7437 0.4472
vn 0.5705 0.7748 0.2723
vn 0.6324 0.6325 0.4472
vn 0.4825 0.8508 0.2080
vn 0.7466 0.6104 0.2646
vn 0.7437 0.4969 0.4472
vn 0.6652 0.7175 0.2067
vn 0.8469 0.4646 0.2587
vn 0.8263 0.3423 0.4472
vn 0.7915 0.5765 0.2028
vn 0.9184 0.2951 0.2637
vn 0.8772 0.1745 0.4472
vn 0.8840 0.4202 0.2048
vn 0.9572 0.1299 0.2585
vn 0.8944 -0.0000 0.4472
vn 0.9472 0.2478 0.2037
vn 0.9633 -0.0601 0.2616
vn 0.8772 -0.1745 0.4472
vn 0.9774 0.0619 0.2022
vn 0.9368 -0.2405 0.2541
vn 0.8263 -0.3423 0.4472
vn 0.9704 -0.1309 0.2029
vn 0.8664 -0.4274 0.2583
vn 0.7437 -0.4969 0.4472
vn 0.9248 -0.3210 0.2040
vn 0.7716 -0.5831 0.2542
vn 0.6325 -0.6325 0.4472
vn 0.8459 -0.4930 0.2035
vn 0.6325 -0.7318 0.2540
vn 0.4969 -0.7437 0.4472
vn 0.7304 -0.6530 0.2005
vn 0.5125 -0.8196 0.2560
vn 0.3423 -0.8263 0.4472
vn 0.6067 -0.7688 0.2023
vn 0.2866 -0.9191 0.2703
vn 0.1745 -0.8772 0.4472
vn 0.3862 -0.8720 0.3008
vn 0.0852 -0.9595 0.2684
vn 0.0878 -0.8910 0.4455
vn 0.2187 -0.9553 0.1988
vn -0.0878 -0.8910 0.4455
vn -0.0000 -0.9725 0.2330
vn -0.0749 -0.9605 0.2681
vn -0.3423 -0.8263 0.4472
vn -0.1997 -0.9595 0.1988
vn -0.3177 -0.9122 0.2586
vn -0.4969 -0.7437 0.4472
vn -0.4353 -0.8770 0.2034
vn -0.4950 -0.8327 0.2480
vn -0.6324 -0.6325 0.4472
vn -0.6029 -0.7734 0.1960
vn -0.6260 -0.7365 0.2563
vn -0.7437 -0.4969 0.4472
vn -0.7221 -0.6620 0.2009
vn -0.7658 -0.5878 0.2609
vn -0.8263 -0.3423 0.4472
vn -0.8453 -0.4931 0.2055
vn -0.8674 -0.4261 0.2570
vn -0.8772 -0.1745 0.4472
vn -0.9245 -0.3217 0.2046
vn -0.9367 -0.2397 0.2553
vn -0.8944 -0.0000 0.4472
vn -0.9701 -0.1292 0.2053
vn -0.9642 -0.0593 0.2586
vn -0.8772 0.1745 0.4472
vn -0.9772 0.0615 0.2031
vn -0.9574 0.1341 0.2557
vn -0.8263 0.3423 0.4472
vn -0.9466 0.2502 0.2032
vn -0.9174 0.3048 0.2560
vn -0.7437 0.4969 0.4472
vn -0.8818 0.4277 0.1985
vn -0.8381 0.4811 0.2570
vn -0.6325 0.6325 0.4472
vn -0.7845 0.5860 0.2030
vn -0.7369 0.6266 0.2536
vn -0.4969 0.7437 0.4472
vn -0.6620 0.7220 0.2013
vn -0.5753 0.7758 0.2590
vn -0.4030 0.8754 0.2669
vn -0.3153 0.9258 0.2085
vn -0.3423 0.8263 0.4472
vn -0.1944 0.9357 0.2945
vn -0.0864 0.9719 0.2191
vn -0.0000 0.9725 0.2330
vn -0.0878 0.8910 0.4455
vn -0.1745 0.8772 0.4472
vn 0.0452 0.9990 -0.0070
vn 0.0530 0.9986 -0.0060
vn 0.1353 0.9902 0.0340
vn 0.1583 0.9870 0.0291
vn 0.3827 0.9239 -0.0000
vn 0.5556 0.8315 -0.0000
vn 0.7071 0.7071 -0.0000
vn 0.8315 0.5556 -0.0000
vn 0.9239 0.3827 -0.0000
vn 0.9808 0.1951 -0.0000
vn 0.9808 -0.1951 -0.0000
vn 0.9239 -0.3827 -0.0000
vn 0.8315 -0.5556 -0.0000
vn 0.7071 -0.7071 -0.0000
vn 0.5556 -0.8315 -0.0000
vn 0.1227 -0.9905 -0.0626
vn 0.2903 -0.9569 -0.0000
vn 0.1423 -0.9898 -0.0012
vn 0.0249 -0.9995 -0.0189
vn -0.1951 -0.9808 -0.0000
vn -0.8538 -0.5157 -0.0714
vn -0.2236 -0.9747 -0.0020
vn -0.2622 -0.9650 -0.0017
vn -0.5556 -0.8315 -0.0000
vn -0.7071 -0.7071 -0.0000
vn -0.8315 -0.5556 -0.0000
vn -0.9239 -0.3827 -0.0000
vn -0.9808 -0.1951 -0.0000
vn -0.9808 0.1951 -0.0000
vn -0.9239 0.3827 -0.0000
vn -0.8315 0.5556 -0.0000
vn -0.7071 0.7071 -0.0000
vn -0.4714 0.8819 -0.0000
vn -0.4885 0.8485 0.2034
vn -0.5556 0.8315 -0.0000
vn -0.2223 0.9749 -0.0140
vn -0.0770 0.9941 -0.0762
vn -0.1467 0.9892 -0.0000
vn -0.0491 0.9988 -0.0000
vn -0.6682 -0.6682 0.3271
vn -0.6682 0.6682 0.3271
vn -0.6682 -0.6682 -0.3271
vn -0.6682 0.6682 -0.3271
vn 0.6682 -0.6682 0.3271
vn 0.6682 0.6682 0.3271
vn 0.6682 -0.6682 -0.3271
vn 0.6682 0.6682 -0.3271
vn -0.8981 -0.0000 0.4397
vn -0.8981 -0.0000 -0.4397
vn -0.0000 -0.8981 -0.4397
vn -0.0000 0.8981 -0.4397
vn 0.8981 -0.0000 -0.4397
vn 0.8981 -0.0000 0.4397
vn -0.0000 -0.8981 0.4397
vn -0.0000 0.8981 0.4397
vn -0.0000 -0.6568 -0.7541
vn -0.0000 -0.4971 -0.8677
vn -0.0000 -0.7913 -0.6115
vn -0.0000 -0.7913 -0.6114
vn -0.0000 -0.8954 -0.4453
vn -0.0000 -0.9650 -0.2621
vn -0.0000 -0.9976 -0.0688
vn -0.0000 -0.9919 0.1272
vn -0.0000 -0.9480 0.3182
vn -0.0000 -0.8677 0.4971
vn -0.0000 -0.7541 0.6568
vn -0.0000 -0.6114 0.7913
vn -0.0000 -0.4453 0.8954
vn -0.0000 -0.2621 0.9650
vn -0.0000 -0.0688 0.9976
vn -0.0000 0.0293 0.9996
vn -0.0000 0.1272 0.9919
vn -0.0000 0.3182 0.9480
vn -0.0000 0.4971 0.8677
vn -0.0000 0.6568 0.7541
vn -0.0000 0.7913 0.6114
vn -0.0000 0.8954 0.4453
vn -0.0000 0.9650 0.2621
vn -0.0000 0.9976 0.0688
vn -0.0000 0.9919 -0.1272
vn -0.0000 0.9480 -0.3182
vn -0.0000 0.8677 -0.4971
vn -0.0000 0.7541 -0.6568
vn -0.0000 0.6114 -0.7913
vn -0.0000 0.6115 -0.7913
vn -0.0000 0.4453 -0.8954
vn -0.0000 0.2621 -0.9650
vn -0.0000 0.0688 -0.9976
vn -0.0000 -0.1272 -0.9919
vn -0.0000 -0.3182 -0.9480
vn -0.7062 -0.3519 -0.6144
vn -0.6999 -0.4645 -0.5426
vn -1.0000 -0.0003 0.0002
vn -0.9808 -0.1693 0.0970
vn -0.9807 -0.1695 0.0971
vn -0.9239 -0.3321 0.1902
vn -0.9238 -0.3323 0.1903
vn -0.8315 -0.4821 0.2762
vn -0.8313 -0.4823 0.2763
vn -0.7071 -0.6136 0.3515
vn -0.7070 -0.6137 0.3516
vn -0.5556 -0.7215 0.4133
vn -0.5554 -0.7216 0.4133
vn -0.3827 -0.8017 0.4592
vn -0.3826 -0.8017 0.4592
vn -0.1951 -0.8510 0.4875
vn -0.1950 -0.8511 0.4875
vn 0.1950 -0.8511 0.4875
vn 0.1951 -0.8510 0.4875
vn 0.3826 -0.8017 0.4592
vn 0.3827 -0.8017 0.4592
vn 0.5554 -0.7216 0.4133
vn 0.5556 -0.7215 0.4133
vn 0.7070 -0.6137 0.3515
vn 0.8315 -0.4821 0.2762
vn 0.8313 -0.4823 0.2763
vn 0.9238 -0.3323 0.1903
vn 0.9239 -0.3321 0.1902
vn 0.9807 -0.1695 0.0971
vn 0.9808 -0.1693 0.0970
vn 1.0000 -0.0003 0.0002
vn 0.9808 0.1690 -0.0968
vn 0.9808 0.1693 -0.0970
vn 0.9240 0.3318 -0.1901
vn 0.9239 0.3321 -0.1902
vn 0.8316 0.4819 -0.2760
vn 0.8315 0.4821 -0.2762
vn 0.7073 0.6134 -0.3514
vn 0.7071 0.6136 -0.3515
vn 0.5557 0.7214 -0.4132
vn 0.5556 0.7215 -0.4133
vn 0.3828 0.8016 -0.4592
vn 0.3827 0.8017 -0.4592
vn 0.1951 0.8510 -0.4875
vn -0.1951 0.8510 -0.4875
vn -0.1952 0.8510 -0.4875
vn -0.3827 0.8017 -0.4592
vn -0.3828 0.8016 -0.4592
vn -0.5556 0.7215 -0.4133
vn -0.5557 0.7214 -0.4132
vn -0.7071 0.6136 -0.3515
vn -0.7073 0.6134 -0.3514
vn -0.8315 0.4821 -0.2762
vn -0.8316 0.4819 -0.2760
vn -0.9239 0.3321 -0.1902
vn -0.9240 0.3318 -0.1901
vn -0.6999 -0.2331 -0.6752
vn -0.6998 -0.2328 -0.6753
vn -0.9808 0.1693 -0.0970
vn -0.9808 0.1690 -0.0968
vn -0.6998 -0.4648 -0.5424
vn -0.6801 -0.5724 -0.4581
vn -0.6800 -0.5729 -0.4576
vn -0.6444 -0.6759 -0.3576
vn -0.6441 -0.6766 -0.3569
vn -0.5883 -0.7730 -0.2372
vn -0.5877 -0.7738 -0.2362
vn -0.5055 -0.8578 -0.0930
vn -0.5045 -0.8585 -0.0917
vn -0.3887 -0.9182 0.0765
vn -0.3875 -0.9186 0.0778
vn -0.2343 -0.9354 0.2648
vn -0.6801 -0.1056 -0.7254
vn -0.6800 -0.1049 -0.7257
vn -0.6444 0.0334 -0.7639
vn -0.6441 0.0344 -0.7642
vn -0.5883 0.1864 -0.7868
vn -0.5877 0.1877 -0.7870
vn -0.5055 0.3537 -0.7870
vn -0.5045 0.3552 -0.7869
vn -0.3887 0.5304 -0.7534
vn -0.3875 0.5318 -0.7530
vn -0.2343 0.7016 -0.6729
vn -0.2331 0.7026 -0.6723
vn -0.0490 0.8412 -0.5385
vn -0.0484 0.8415 -0.5381
vn 0.1455 0.9218 -0.3594
vn 0.1449 0.9217 -0.3597
vn 0.3214 0.9331 -0.1614
vn 0.3196 0.9335 -0.1629
vn 0.4608 0.8871 0.0281
vn 0.4578 0.8887 0.0256
vn 0.5605 0.8051 0.1943
vn 0.5563 0.8086 0.1915
vn 0.6251 0.7050 0.3350
vn 0.6194 0.7107 0.3334
vn 0.6563 0.5999 0.4577
vn 0.6476 0.6076 0.4598
vn 0.6031 0.5206 0.6044
vn 0.5885 0.5285 0.6119
vn -0.9604 0.1883 0.2056
vn -0.9618 0.1587 0.2231
vn -0.9604 0.1874 0.2061
vn 0.5946 0.4494 0.6667
vn 0.5876 0.2516 0.7691
vn 0.5938 0.3296 0.7340
vn 0.6022 0.2497 0.7583
vn -0.9579 0.2168 0.1884
vn 0.6476 0.0892 0.7568
vn 0.6563 0.0913 0.7490
vn 0.6194 -0.0719 0.7817
vn 0.6251 -0.0676 0.7776
vn 0.5563 -0.2439 0.7944
vn 0.5605 -0.2396 0.7928
vn 0.4578 -0.4275 0.7796
vn 0.4608 -0.4245 0.7794
vn 0.3196 -0.6127 0.7228
vn 0.3214 -0.6112 0.7233
vn -0.2331 -0.9354 0.2659
vn -0.0490 -0.8901 0.4532
vn -0.0484 -0.8899 0.4537
vn 0.1455 -0.7763 0.6134
vn 0.1449 -0.7766 0.6131
vn -0.0000 0.8653 -0.5013
vn 0.1951 0.8486 -0.4917
vn 0.3827 0.7994 -0.4631
vn 0.5556 0.7194 -0.4168
vn 0.7071 0.6118 -0.3545
vn 0.8315 0.4807 -0.2785
vn 0.9239 0.3311 -0.1918
vn 0.9808 0.1688 -0.0978
vn 0.9808 -0.1688 0.0978
vn 0.9239 -0.3311 0.1918
vn 0.8315 -0.4807 0.2785
vn 0.7071 -0.6118 0.3545
vn 0.5556 -0.7194 0.4168
vn 0.3827 -0.7994 0.4631
vn 0.1951 -0.8486 0.4917
vn -0.0000 -0.8653 0.5013
vn -0.1951 -0.8486 0.4917
vn -0.3827 -0.7994 0.4631
vn -0.5556 -0.7195 0.4168
vn -0.7071 -0.6118 0.3545
vn -0.8315 -0.4807 0.2785
vn -0.9239 -0.3311 0.1918
vn -0.9808 -0.1688 0.0978
vn -0.9808 0.1688 -0.0978
vn -0.9239 0.3311 -0.1918
vn -0.8315 0.4807 -0.2785
vn -0.7071 0.6118 -0.3545
vn -0.5556 0.7194 -0.4168
vn -0.3827 0.7994 -0.4631
vn -0.0000 0.5013 0.8653
vn -0.1951 0.8486 -0.4917
vn -0.0000 -0.5013 -0.8653
vn -0.5556 -0.7194 0.4168
vn 0.5556 -0.7195 0.4168
vn 0.2903 -0.8280 0.4797
vn -0.5556 0.7195 -0.4168
vn 0.8821 -0.3876 0.2676
vn 0.7914 -0.5622 0.2401
vn 0.6694 0.7146 0.2031
vn 0.5212 0.8387 0.1581
vn 0.6694 -0.7146 0.2031
vn 0.7914 0.5622 0.2401
vn 0.5212 -0.8387 0.1581
vn 0.8821 0.3876 0.2676
vn 0.9380 0.1977 0.2846
vn 0.9569 -0.0000 0.2903
vn 0.9380 -0.1977 0.2846
vn 0.4490 0.8813 0.1470
vn 0.3156 -0.9338 0.1687
vn 0.2514 0.9568 0.1461
vn 0.3156 0.9338 0.1687
vn 0.4490 -0.8814 0.1470
vn 0.2156 -0.9568 0.1949
vn 0.2514 -0.9568 0.1461
vn 0.2156 0.9568 0.1949
vn 0.1704 0.9569 0.2352
vn 0.1704 -0.9569 0.2352
vn 0.1179 -0.9569 0.2654
vn 0.1179 0.9569 0.2654
vn 0.0603 0.9569 0.2840
vn 0.0603 -0.9569 0.2840
vn -0.0000 -0.9569 0.2903
vn -0.0000 0.9569 0.2903
vn -0.0603 0.9569 0.2840
vn -0.0603 -0.9569 0.2840
vn -0.1179 0.9569 0.2654
vn -0.1179 -0.9569 0.2654
vn -0.1704 0.9569 0.2352
vn -0.1704 -0.9569 0.2352
vn -0.2156 0.9568 0.1949
vn -0.2156 -0.9568 0.1949
vn -0.2514 0.9568 0.1461
vn -0.2514 -0.9568 0.1461
vn -0.3156 0.9338 0.1687
vn -0.4490 0.8813 0.1470
vn -0.3156 -0.9338 0.1687
vn -0.4490 -0.8814 0.1470
vn -0.8821 -0.3876 0.2676
vn -0.7914 -0.5622 0.2401
vn -0.6694 0.7146 0.2031
vn -0.5212 0.8387 0.1581
vn -0.6694 -0.7146 0.2031
vn -0.7914 0.5622 0.2401
vn -0.5212 -0.8387 0.1581
vn -0.8821 0.3876 0.2676
vn -0.9380 0.1977 0.2846
vn -0.9569 -0.0000 0.2903
vn -0.9380 -0.1977 0.2846
vn 0.1745 0.8772 0.4472
vn -0.0000 -0.8944 0.4472
vn -0.1745 -0.8772 0.4472
vn 0.1951 0.9808 -0.0000
vn 0.5134 -0.8581 -0.0000
vn -0.0000 -1.0000 -0.0072
vn -0.3827 -0.9239 -0.0000
vn -0.2903 -0.9569 -0.0000
vn -0.1203 -0.9676 -0.2219
vn -0.0000 -0.9992 -0.0396
vn -0.0000 -0.9321 -0.3621
vn -0.0000 -0.0001 -1.0000
vn -0.0000 -0.9967 -0.0814
vn -0.0000 -0.9999 -0.0166
vn -0.0000 0.6836 -0.7298
vn -0.0000 -0.9965 -0.0834
vn -0.0000 -0.9644 -0.2644
vn 0.7071 -0.6136 0.3515
vn 0.0773 0.9893 0.1237
vn -0.0000 0.5014 0.8652
vn -0.0000 0.5012 0.8653
vn 0.0001 0.5013 0.8653
vn -0.0000 0.5010 0.8654
vn -0.0001 0.5013 0.8653
vn -0.0000 -0.5014 -0.8652
vn -0.0000 -0.5013 -0.8652
vn -0.0001 -0.5024 -0.8646
vn -0.0001 0.5014 0.8652
vn 0.0002 0.5012 0.8653
vn -0.0002 0.5013 0.8653
vn 0.0001 0.5014 0.8652
vt 0.750000 0.875000
vt 0.718750 0.937500
vt 0.718750 0.875000
vt 0.750000 0.437500
vt 0.718750 0.375000
vt 0.750000 0.375000
vt 0.750000 0.812500
vt 0.718750 0.812500
vt 0.718750 0.312500
vt 0.750000 0.312500
vt 0.750000 0.750000
vt 0.718750 0.750000
vt 0.718750 0.250000
vt 0.750000 0.250000
vt 0.750000 0.687500
vt 0.718750 0.687500
vt 0.718750 0.187500
vt 0.750000 0.187500
vt 0.750000 0.625000
vt 0.718750 0.625000
vt 0.718750 0.125000
vt 0.750000 0.125000
vt 0.750000 0.562500
vt 0.718750 0.562500
vt 0.718750 0.062500
vt 0.750000 0.062500
vt 0.718750 0.500000
vt 0.750000 0.500000
vt 0.750000 0.937500
vt 0.734375 1.000000
vt 0.734375 0.000000
vt 0.718750 0.437500
vt 0.703125 1.000000
vt 0.687500 0.937500
vt 0.703125 0.000000
vt 0.687500 0.062500
vt 0.687500 0.437500
vt 0.687500 0.875000
vt 0.687500 0.375000
vt 0.687500 0.812500
vt 0.687500 0.312500
vt 0.687500 0.750000
vt 0.687500 0.250000
vt 0.687500 0.687500
vt 0.687500 0.187500
vt 0.687500 0.625000
vt 0.687500 0.125000
vt 0.687500 0.562500
vt 0.687500 0.500000
vt 0.656250 0.687500
vt 0.656250 0.250000
vt 0.656250 0.187500
vt 0.656250 0.625000
vt 0.656250 0.125000
vt 0.656250 0.562500
vt 0.656250 0.062500
vt 0.656250 0.500000
vt 0.671875 1.000000
vt 0.656250 0.937500
vt 0.671875 0.000000
vt 0.656250 0.437500
vt 0.656250 0.875000
vt 0.656250 0.375000
vt 0.656250 0.812500
vt 0.656250 0.312500
vt 0.656250 0.750000
vt 0.625000 0.437500
vt 0.625000 0.875000
vt 0.625000 0.375000
vt 0.625000 0.812500
vt 0.625000 0.312500
vt 0.625000 0.750000
vt 0.625000 0.250000
vt 0.625000 0.687500
vt 0.625000 0.187500
vt 0.625000 0.625000
vt 0.625000 0.125000
vt 0.625000 0.562500
vt 0.625000 0.062500
vt 0.625000 0.500000
vt 0.640625 1.000000
vt 0.625000 0.937500
vt 0.640625 0.000000
vt 0.593750 0.187500
vt 0.593750 0.625000
vt 0.593750 0.125000
vt 0.593750 0.562500
vt 0.593750 0.062500
vt 0.593750 0.500000
vt 0.609375 1.000000
vt 0.593750 0.937500
vt 0.609375 0.000000
vt 0.593750 0.437500
vt 0.593750 0.875000
vt 0.593750 0.375000
vt 0.593750 0.812500
vt 0.593750 0.312500
vt 0.593750 0.750000
vt 0.593750 0.250000
vt 0.593750 0.687500
vt 0.562500 0.875000
vt 0.562500 0.375000
vt 0.562500 0.812500
vt 0.562500 0.312500
vt 0.562500 0.750000
vt 0.562500 0.250000
vt 0.562500 0.687500
vt 0.562500 0.187500
vt 0.562500 0.625000
vt 0.562500 0.125000
vt 0.562500 0.562500
vt 0.562500 0.062500
vt 0.562500 0.500000
vt 0.578125 1.000000
vt 0.562500 0.937500
vt 0.578125 0.000000
vt 0.562500 0.437500
vt 0.531250 0.625000
vt 0.531250 0.187500
vt 0.531250 0.125000
vt 0.531250 0.562500
vt 0.531250 0.062500
vt 0.531250 0.500000
vt 0.546875 1.000000
vt 0.531250 0.937500
vt 0.546875 0.000000
vt 0.531250 0.437500
vt 0.531250 0.875000
vt 0.531250 0.375000
vt 0.531250 0.812500
vt 0.531250 0.312500
vt 0.531250 0.750000
vt 0.531250 0.250000
vt 0.531250 0.687500
vt 0.500000 0.375000
vt 0.500000 0.812500
vt 0.500000 0.312500
vt 0.500000 0.750000
vt 0.500000 0.250000
vt 0.500000 0.687500
vt 0.500000 0.187500
vt 0.500000 0.625000
vt 0.500000 0.125000
vt 0.500000 0.562500
vt 0.500000 0.062500
vt 0.500000 0.500000
vt 0.515625 1.000000
vt 0.500000 0.937500
vt 0.515625 0.000000
vt 0.500000 0.437500
vt 0.500000 0.875000
vt 0.468750 0.125000
vt 0.468750 0.625000
vt 0.468750 0.562500
vt 0.468750 0.062500
vt 0.468750 0.500000
vt 0.484375 1.000000
vt 0.468750 0.937500
vt 0.484375 0.000000
vt 0.468750 0.437500
vt 0.468750 0.875000
vt 0.468750 0.375000
vt 0.468750 0.812500
vt 0.468750 0.312500
vt 0.468750 0.750000
vt 0.468750 0.250000
vt 0.468750 0.687500
vt 0.468750 0.187500
vt 0.437500 0.375000
vt 0.437500 0.312500
vt 0.437500 0.750000
vt 0.437500 0.250000
vt 0.437500 0.687500
vt 0.437500 0.187500
vt 0.437500 0.625000
vt 0.437500 0.125000
vt 0.437500 0.562500
vt 0.437500 0.062500
vt 0.437500 0.500000
vt 0.453125 1.000000
vt 0.437500 0.937500
vt 0.453125 0.000000
vt 0.437500 0.437500
vt 0.437500 0.875000
vt 0.437500 0.812500
vt 0.406250 0.062500
vt 0.406250 0.562500
vt 0.406250 0.500000
vt 0.421875 1.000000
vt 0.406250 0.937500
vt 0.421875 0.000000
vt 0.406250 0.437500
vt 0.406250 0.875000
vt 0.406250 0.375000
vt 0.406250 0.812500
vt 0.406250 0.312500
vt 0.406250 0.750000
vt 0.406250 0.250000
vt 0.406250 0.687500
vt 0.406250 0.187500
vt 0.406250 0.625000
vt 0.406250 0.125000
vt 0.375000 0.750000
vt 0.375000 0.250000
vt 0.375000 0.687500
vt 0.375000 0.187500
vt 0.375000 0.625000
vt 0.375000 0.125000
vt 0.375000 0.562500
vt 0.375000 0.062500
vt 0.375000 0.500000
vt 0.390625 1.000000
vt 0.375000 0.937500
vt 0.390625 0.000000
vt 0.375000 0.437500
vt 0.375000 0.875000
vt 0.375000 0.375000
vt 0.375000 0.812500
vt 0.375000 0.312500
vt 0.343750 0.562500
vt 0.343750 0.500000
vt 0.359375 1.000000
vt 0.343750 0.937500
vt 0.359375 0.000000
vt 0.343750 0.062500
vt 0.343750 0.437500
vt 0.343750 0.875000
vt 0.343750 0.375000
vt 0.343750 0.812500
vt 0.343750 0.312500
vt 0.343750 0.750000
vt 0.343750 0.250000
vt 0.343750 0.687500
vt 0.343750 0.187500
vt 0.343750 0.625000
vt 0.343750 0.125000
vt 0.312500 0.250000
vt 0.312500 0.750000
vt 0.312500 0.687500
vt 0.312500 0.187500
vt 0.312500 0.625000
vt 0.312500 0.125000
vt 0.312500 0.562500
vt 0.312500 0.062500
vt 0.312500 0.500000
vt 0.328125 1.000000
vt 0.312500 0.937500
vt 0.328125 0.000000
vt 0.312500 0.437500
vt 0.312500 0.875000
vt 0.312500 0.375000
vt 0.312500 0.812500
vt 0.312500 0.312500
vt 0.296875 1.000000
vt 0.281250 0.937500
vt 0.296875 0.000000
vt 0.281250 0.062500
vt 0.281250 0.437500
vt 0.281250 0.875000
vt 0.281250 0.375000
vt 0.281250 0.812500
vt 0.281250 0.312500
vt 0.281250 0.750000
vt 0.281250 0.250000
vt 0.281250 0.687500
vt 0.281250 0.187500
vt 0.281250 0.625000
vt 0.281250 0.125000
vt 0.281250 0.562500
vt 0.281250 0.500000
vt 0.250000 0.750000
vt 0.250000 0.687500
vt 0.250000 0.250000
vt 0.250000 0.187500
vt 0.250000 0.625000
vt 0.250000 0.125000
vt 0.250000 0.562500
vt 0.250000 0.062500
vt 0.250000 0.500000
vt 0.265625 1.000000
vt 0.250000 0.937500
vt 0.265625 0.000000
vt 0.250000 0.437500
vt 0.250000 0.875000
vt 0.250000 0.375000
vt 0.250000 0.812500
vt 0.250000 0.312500
vt 0.218750 0.437500
vt 0.218750 0.875000
vt 0.218750 0.375000
vt 0.218750 0.812500
vt 0.218750 0.312500
vt 0.218750 0.750000
vt 0.218750 0.250000
vt 0.218750 0.687500
vt 0.218750 0.187500
vt 0.218750 0.625000
vt 0.218750 0.125000
vt 0.218750 0.562500
vt 0.218750 0.062500
vt 0.218750 0.500000
vt 0.234375 1.000000
vt 0.218750 0.937500
vt 0.234375 0.000000
vt 0.187500 0.250000
vt 0.187500 0.187500
vt 0.187500 0.625000
vt 0.187500 0.125000
vt 0.187500 0.562500
vt 0.187500 0.062500
vt 0.187500 0.500000
vt 0.203125 1.000000
vt 0.187500 0.937500
vt 0.203125 0.000000
vt 0.187500 0.437500
vt 0.187500 0.875000
vt 0.187500 0.375000
vt 0.187500 0.812500
vt 0.187500 0.312500
vt 0.187500 0.750000
vt 0.187500 0.687500
vt 0.156250 0.375000
vt 0.156250 0.812500
vt 0.156250 0.312500
vt 0.156250 0.750000
vt 0.156250 0.250000
vt 0.156250 0.687500
vt 0.156250 0.187500
vt 0.156250 0.625000
vt 0.156250 0.125000
vt 0.156250 0.562500
vt 0.156250 0.062500
vt 0.156250 0.500000
vt 0.171875 1.000000
vt 0.156250 0.937500
vt 0.171875 0.000000
vt 0.156250 0.437500
vt 0.156250 0.875000
vt 0.125000 0.125000
vt 0.125000 0.625000
vt 0.125000 0.562500
vt 0.125000 0.062500
vt 0.125000 0.500000
vt 0.140625 1.000000
vt 0.125000 0.937500
vt 0.140625 0.000000
vt 0.125000 0.437500
vt 0.125000 0.875000
vt 0.125000 0.375000
vt 0.125000 0.812500
vt 0.125000 0.312500
vt 0.125000 0.750000
vt 0.125000 0.250000
vt 0.125000 0.687500
vt 0.125000 0.187500
vt 0.093750 0.812500
vt 0.093750 0.375000
vt 0.093750 0.312500
vt 0.093750 0.750000
vt 0.093750 0.250000
vt 0.093750 0.687500
vt 0.093750 0.187500
vt 0.093750 0.625000
vt 0.093750 0.125000
vt 0.093750 0.562500
vt 0.093750 0.062500
vt 0.093750 0.500000
vt 0.109375 1.000000
vt 0.093750 0.937500
vt 0.109375 0.000000
vt 0.093750 0.437500
vt 0.093750 0.875000
vt 0.062500 0.625000
vt 0.062500 0.562500
vt 0.062500 0.062500
vt 0.062500 0.500000
vt 0.078125 1.000000
vt 0.062500 0.937500
vt 0.078125 0.000000
vt 0.062500 0.437500
vt 0.062500 0.875000
vt 0.062500 0.375000
vt 0.062500 0.812500
vt 0.062500 0.312500
vt 0.062500 0.750000
vt 0.062500 0.250000
vt 0.062500 0.687500
vt 0.062500 0.187500
vt 0.062500 0.125000
vt 0.031250 0.375000
vt 0.031250 0.312500
vt 0.031250 0.750000
vt 0.031250 0.250000
vt 0.031250 0.687500
vt 0.031250 0.187500
vt 0.031250 0.625000
vt 0.031250 0.125000
vt 0.031250 0.562500
vt 0.031250 0.062500
vt 0.031250 0.500000
vt 0.046875 1.000000
vt 0.031250 0.937500
vt 0.046875 0.000000
vt 0.031250 0.437500
vt 0.031250 0.875000
vt 0.031250 0.812500
vt 0.000000 0.062500
vt 0.000000 0.562500
vt 0.000000 0.500000
vt 0.015625 1.000000
vt 0.000000 0.937500
vt 0.015625 0.000000
vt 0.000000 0.437500
vt 0.000000 0.875000
vt 0.000000 0.375000
vt 0.000000 0.812500
vt 0.000000 0.312500
vt 0.000000 0.750000
vt 0.000000 0.250000
vt 0.000000 0.687500
vt 0.000000 0.187500
vt 0.000000 0.625000
vt 0.000000 0.125000
vt 1.000000 0.812500
vt 0.968750 0.750000
vt 1.000000 0.750000
vt 1.000000 0.312500
vt 0.968750 0.250000
vt 1.000000 0.250000
vt 1.000000 0.687500
vt 0.968750 0.687500
vt 1.000000 0.187500
vt 0.968750 0.187500
vt 0.968750 0.625000
vt 1.000000 0.625000
vt 0.968750 0.125000
vt 1.000000 0.125000
vt 1.000000 0.562500
vt 0.968750 0.562500
vt 0.968750 0.062500
vt 1.000000 0.062500
vt 1.000000 0.500000
vt 0.968750 0.500000
vt 1.000000 0.937500
vt 0.984375 1.000000
vt 0.968750 0.937500
vt 0.984375 0.000000
vt 0.968750 0.437500
vt 1.000000 0.437500
vt 0.968750 0.875000
vt 1.000000 0.875000
vt 0.968750 0.375000
vt 1.000000 0.375000
vt 0.968750 0.812500
vt 0.968750 0.312500
vt 0.937500 0.562500
vt 0.937500 0.500000
vt 0.953125 1.000000
vt 0.937500 0.937500
vt 0.953125 0.000000
vt 0.937500 0.062500
vt 0.937500 0.437500
vt 0.937500 0.875000
vt 0.937500 0.375000
vt 0.937500 0.812500
vt 0.937500 0.312500
vt 0.937500 0.750000
vt 0.937500 0.250000
vt 0.937500 0.687500
vt 0.937500 0.187500
vt 0.937500 0.625000
vt 0.937500 0.125000
vt 0.906250 0.250000
vt 0.906250 0.750000
vt 0.906250 0.687500
vt 0.906250 0.187500
vt 0.906250 0.625000
vt 0.906250 0.125000
vt 0.906250 0.562500
vt 0.906250 0.062500
vt 0.906250 0.500000
vt 0.921875 1.000000
vt 0.906250 0.937500
vt 0.921875 0.000000
vt 0.906250 0.437500
vt 0.906250 0.875000
vt 0.906250 0.375000
vt 0.906250 0.812500
vt 0.906250 0.312500
vt 0.890625 0.000000
vt 0.875000 0.062500
vt 0.875000 0.437500
vt 0.875000 0.875000
vt 0.875000 0.375000
vt 0.875000 0.812500
vt 0.875000 0.312500
vt 0.875000 0.750000
vt 0.875000 0.250000
vt 0.875000 0.687500
vt 0.875000 0.187500
vt 0.875000 0.625000
vt 0.875000 0.125000
vt 0.875000 0.562500
vt 0.875000 0.500000
vt 0.890625 1.000000
vt 0.875000 0.937500
vt 0.843750 0.250000
vt 0.843750 0.187500
vt 0.843750 0.625000
vt 0.843750 0.125000
vt 0.843750 0.562500
vt 0.843750 0.062500
vt 0.843750 0.500000
vt 0.859375 1.000000
vt 0.843750 0.937500
vt 0.859375 0.000000
vt 0.843750 0.437500
vt 0.843750 0.875000
vt 0.843750 0.375000
vt 0.843750 0.812500
vt 0.843750 0.312500
vt 0.843750 0.750000
vt 0.843750 0.687500
vt 0.812500 0.937500
vt 0.812500 0.875000
vt 0.812500 0.375000
vt 0.812500 0.812500
vt 0.812500 0.312500
vt 0.812500 0.750000
vt 0.812500 0.250000
vt 0.812500 0.687500
vt 0.812500 0.187500
vt 0.812500 0.625000
vt 0.812500 0.125000
vt 0.812500 0.562500
vt 0.812500 0.062500
vt 0.812500 0.500000
vt 0.828125 1.000000
vt 0.828125 0.000000
vt 0.812500 0.437500
vt 0.781250 0.625000
vt 0.781250 0.125000
vt 0.781250 0.562500
vt 0.781250 0.062500
vt 0.781250 0.500000
vt 0.796875 1.000000
vt 0.781250 0.937500
vt 0.796875 0.000000
vt 0.781250 0.437500
vt 0.781250 0.875000
vt 0.781250 0.375000
vt 0.781250 0.812500
vt 0.781250 0.312500
vt 0.781250 0.750000
vt 0.781250 0.250000
vt 0.781250 0.687500
vt 0.781250 0.187500
vt 0.765625 1.000000
vt 0.765625 0.000000
vt 0.598113 0.973113
vt 0.480708 0.934464
vt 0.500001 0.935629
vt 0.401887 0.776887
vt 0.519294 0.815536
vt 0.500001 0.814371
vt 0.598113 0.526887
vt 0.401887 0.723113
vt 0.401887 0.526887
vt 0.848113 0.526887
vt 0.651887 0.723113
vt 0.651887 0.526887
vt 0.598113 0.026887
vt 0.401887 0.223113
vt 0.401887 0.026887
vt 0.405051 0.469949
vt 0.500000 0.396135
vt 0.506887 0.395703
vt 0.405051 0.280051
vt 0.506887 0.354297
vt 0.500000 0.353865
vt 0.151887 0.723113
vt 0.151887 0.750000
vt 0.125000 0.723113
vt 0.598113 0.000000
vt 0.625000 0.026887
vt 0.151887 0.526887
vt 0.125000 0.526887
vt 0.151887 0.500000
vt 0.625000 0.223113
vt 0.598113 0.250000
vt 0.598113 0.223113
vt 0.348113 0.723113
vt 0.375000 0.723113
vt 0.348113 0.750000
vt 0.625000 0.776887
vt 0.598113 0.776887
vt 0.598113 0.750000
vt 0.348113 0.526887
vt 0.348113 0.500000
vt 0.375000 0.526887
vt 0.625000 0.473113
vt 0.598113 0.500000
vt 0.598113 0.473113
vt 0.401887 0.000000
vt 0.401887 0.276887
vt 0.598113 0.276887
vt 0.625000 0.276887
vt 0.598113 0.723113
vt 0.250000 0.749156
vt 0.254848 0.750000
vt 0.598960 0.875000
vt 0.625000 0.973113
vt 0.598113 0.879861
vt 0.594949 0.280051
vt 0.594949 0.469949
vt 0.401887 0.473113
vt 0.282089 0.411324
vt 0.268404 0.477719
vt 0.250000 0.479684
vt 0.282089 0.411324
vt 0.337838 0.462060
vt 0.312946 0.401964
vt 0.312946 0.401964
vt 0.377521 0.440849
vt 0.341383 0.386764
vt 0.412303 0.412303
vt 0.341383 0.386764
vt 0.366308 0.366308
vt 0.440848 0.377521
vt 0.366308 0.366308
vt 0.386764 0.341383
vt 0.462059 0.337838
vt 0.386764 0.341383
vt 0.401964 0.312946
vt 0.475121 0.294779
vt 0.401964 0.312946
vt 0.411325 0.282089
vt 0.479531 0.250000
vt 0.411324 0.282089
vt 0.414485 0.250000
vt 0.475120 0.205221
vt 0.414485 0.250000
vt 0.411325 0.217910
vt 0.462059 0.162162
vt 0.411325 0.217911
vt 0.401965 0.187054
vt 0.440848 0.122480
vt 0.401965 0.187054
vt 0.386765 0.158617
vt 0.412302 0.087698
vt 0.386765 0.158617
vt 0.366309 0.133691
vt 0.377520 0.059153
vt 0.366309 0.133691
vt 0.341383 0.113235
vt 0.337837 0.037942
vt 0.341383 0.113235
vt 0.312946 0.098035
vt 0.294779 0.024880
vt 0.312946 0.098035
vt 0.282090 0.088675
vt 0.268354 0.022278
vt 0.282090 0.088675
vt 0.231646 0.022278
vt 0.250000 0.085514
vt 0.217910 0.088675
vt 0.162163 0.037942
vt 0.217910 0.088675
vt 0.187054 0.098035
vt 0.122480 0.059153
vt 0.187054 0.098035
vt 0.158617 0.113235
vt 0.087698 0.087698
vt 0.158617 0.113235
vt 0.133691 0.133691
vt 0.059152 0.122480
vt 0.133691 0.133691
vt 0.113235 0.158617
vt 0.037941 0.162162
vt 0.113235 0.158617
vt 0.098035 0.187054
vt 0.024880 0.205221
vt 0.098035 0.187054
vt 0.088675 0.217910
vt 0.020469 0.250000
vt 0.088675 0.217911
vt 0.085515 0.250000
vt 0.024879 0.294779
vt 0.085515 0.250000
vt 0.088675 0.282089
vt 0.037941 0.337838
vt 0.088676 0.282089
vt 0.098036 0.312946
vt 0.059152 0.377521
vt 0.098036 0.312946
vt 0.113236 0.341383
vt 0.087697 0.412303
vt 0.113236 0.341383
vt 0.133692 0.366308
vt 0.122479 0.440849
vt 0.133692 0.366308
vt 0.158617 0.386764
vt 0.187054 0.401964
vt 0.187054 0.401964
vt 0.162162 0.462060
vt 0.217911 0.411324
vt 0.217911 0.411324
vt 0.250000 0.414485
vt 0.231596 0.477719
vt 0.205221 0.475121
vt 0.996489 0.956437
vt 0.968750 0.612302
vt 0.996489 0.956437
vt 0.965239 0.956437
vt 0.937500 0.612302
vt 0.965239 0.956437
vt 0.906250 0.612301
vt 0.937500 0.956437
vt 0.906250 0.612301
vt 0.875000 0.612301
vt 0.906250 0.956437
vt 0.875000 0.956437
vt 0.843750 0.612300
vt 0.843750 0.612300
vt 0.812500 0.612299
vt 0.812500 0.612300
vt 0.843750 0.956437
vt 0.781250 0.612299
vt 0.781250 0.612299
vt 0.812500 0.956437
vt 0.750000 0.612298
vt 0.750000 0.612298
vt 0.781250 0.956437
vt 0.718750 0.612297
vt 0.718750 0.612298
vt 0.750000 0.956437
vt 0.687500 0.612297
vt 0.687500 0.612297
vt 0.718750 0.956437
vt 0.656250 0.612296
vt 0.656250 0.612296
vt 0.687500 0.956437
vt 0.625000 0.612295
vt 0.625000 0.612296
vt 0.656250 0.956437
vt 0.593750 0.612295
vt 0.593750 0.612295
vt 0.625000 0.956437
vt 0.562500 0.612295
vt 0.593750 0.956437
vt 0.562500 0.956437
vt 0.531250 0.612294
vt 0.531250 0.956437
vt 0.500000 0.612294
vt 0.500000 0.956437
vt 0.468750 0.612294
vt 0.468750 0.956437
vt 0.441011 0.956437
vt 0.441011 0.956437
vt 0.437500 0.612295
vt 0.409761 0.956437
vt 0.409761 0.956437
vt 0.375000 0.612296
vt 0.406250 0.612295
vt 0.406250 0.956437
vt 0.343750 0.612296
vt 0.375000 0.956437
vt 0.312500 0.612297
vt 0.343750 0.956437
vt 0.281250 0.612298
vt 0.312500 0.956437
vt 0.250000 0.612298
vt 0.281250 0.956437
vt 0.218750 0.612299
vt 0.250000 0.956437
vt 0.187500 0.612300
vt 0.218750 0.956437
vt 0.156250 0.612300
vt 0.187500 0.956437
vt 0.125000 0.612301
vt 0.156250 0.956437
vt 0.093750 0.612301
vt 0.125000 0.956437
vt 0.090239 0.956437
vt 0.093750 0.956437
vt 0.062500 0.612302
vt 0.062500 0.956437
vt 0.062500 0.956437
vt 0.031250 0.612302
vt 0.031250 0.956437
vt 0.031250 0.956437
vt 0.605153 0.769847
vt 0.394847 0.980153
vt 0.394847 0.769847
vt 0.605153 0.519847
vt 0.394847 0.730153
vt 0.394847 0.519847
vt 0.855153 0.519847
vt 0.644847 0.730153
vt 0.644847 0.519847
vt 0.605153 0.019847
vt 0.526621 0.083507
vt 0.394847 0.019847
vt 0.605153 0.230153
vt 0.523946 0.128140
vt 0.532925 0.128269
vt 0.605153 0.480153
vt 0.500000 0.438108
vt 0.512312 0.436896
vt 0.394847 0.269847
vt 0.500000 0.311892
vt 0.487688 0.313104
vt 0.144847 0.730153
vt 0.144847 0.750000
vt 0.125000 0.730153
vt 0.605153 0.000000
vt 0.625000 0.019847
vt 0.144847 0.519847
vt 0.125000 0.519847
vt 0.144847 0.500000
vt 0.625000 0.230153
vt 0.605153 0.250000
vt 0.355153 0.730153
vt 0.375000 0.730153
vt 0.355153 0.750000
vt 0.625000 0.769847
vt 0.605153 0.750000
vt 0.355153 0.519847
vt 0.355153 0.500000
vt 0.375000 0.519847
vt 0.625000 0.480153
vt 0.605153 0.500000
vt 0.394847 0.000000
vt 0.605153 0.269847
vt 0.625000 0.269847
vt 0.605153 0.730153
vt 0.625000 0.980153
vt 0.968750 0.500000
vt 1.000000 0.718978
vt 0.968750 0.718978
vt 0.937500 0.718978
vt 0.937500 0.500000
vt 0.906250 0.500000
vt 0.906250 0.718978
vt 0.875000 0.500000
vt 0.875000 0.718978
vt 0.843750 0.500000
vt 0.843750 0.718978
vt 0.812500 0.500000
vt 0.812500 0.718978
vt 0.781250 0.500000
vt 0.781250 0.718978
vt 0.750000 0.718978
vt 0.718750 0.718978
vt 0.687500 0.718978
vt 0.656250 0.718978
vt 0.625000 0.718978
vt 0.593750 0.718978
vt 0.580064 0.718978
vt 0.562500 0.718978
vt 0.531250 0.718978
vt 0.500000 0.500000
vt 0.500000 0.718978
vt 0.468750 0.500000
vt 0.468750 0.718978
vt 0.437500 0.500000
vt 0.437500 0.718978
vt 0.406250 0.718978
vt 0.375000 0.500000
vt 0.375000 0.718978
vt 0.343750 0.500000
vt 0.343750 0.718978
vt 0.312500 0.500000
vt 0.312500 0.718978
vt 0.281250 0.500000
vt 0.281250 0.718978
vt 0.250000 0.500000
vt 0.250000 0.718978
vt 0.218750 0.500000
vt 0.218750 0.718978
vt 0.187500 0.500000
vt 0.187500 0.718978
vt 0.156250 0.500000
vt 0.156250 0.718978
vt 0.125000 0.500000
vt 0.125000 0.718978
vt 0.093750 0.500000
vt 0.093750 0.718978
vt 0.062500 0.718978
vt 0.031250 0.500000
vt 0.031250 0.718978
vt 0.000000 0.718978
vt 0.968750 1.000000
vt 0.000000 1.000000
vt 1.000000 0.742828
vt 0.968750 0.742590
vt 0.937500 1.000000
vt 0.937500 0.742360
vt 0.906250 1.000000
vt 0.906250 0.742148
vt 0.875000 1.000000
vt 0.875000 0.741963
vt 0.843750 1.000000
vt 0.843750 0.741811
vt 0.812500 1.000000
vt 0.812500 0.741698
vt 0.781250 1.000000
vt 0.750000 1.000000
vt 0.781250 0.741629
vt 0.718750 0.741629
vt 0.750000 0.741605
vt 0.718750 1.000000
vt 0.687500 0.741698
vt 0.687500 1.000000
vt 0.656250 0.741811
vt 0.656250 1.000000
vt 0.625000 0.741963
vt 0.593750 1.000000
vt 0.593750 0.742149
vt 0.562500 0.742360
vt 0.562500 1.000000
vt 0.531250 0.742589
vt 0.531250 1.000000
vt 0.500000 0.742828
vt 0.500000 1.000000
vt 0.468750 0.743067
vt 0.468750 1.000000
vt 0.437500 0.743296
vt 0.437500 1.000000
vt 0.406250 0.743508
vt 0.406250 1.000000
vt 0.375000 0.743693
vt 0.375000 1.000000
vt 0.343750 0.743845
vt 0.343750 1.000000
vt 0.312500 0.743958
vt 0.312500 1.000000
vt 0.281250 0.744028
vt 0.281250 1.000000
vt 0.250000 0.744051
vt 0.218750 1.000000
vt 0.218750 0.744028
vt 0.187500 1.000000
vt 0.187500 0.743958
vt 0.156250 1.000000
vt 0.156250 0.743845
vt 0.125000 1.000000
vt 0.125000 0.743693
vt 0.093750 1.000000
vt 0.093750 0.743508
vt 0.062500 1.000000
vt 0.062500 0.743296
vt 0.031250 1.000000
vt 0.031250 0.743067
vt 0.000000 0.742828
vt 0.062500 0.500000
vt 0.250000 1.000000
vt 0.406250 0.500000
vt 0.625000 1.000000
vt 0.138179 0.186396
vt 0.028269 0.341844
vt 0.158156 0.028269
vt 0.383337 0.449553
vt 0.364762 0.337794
vt 0.377353 0.314238
vt 0.514612 0.203178
vt 0.550447 0.383337
vt 0.544442 0.292882
vt 0.985388 0.296822
vt 0.949553 0.116663
vt 0.960275 0.210167
vt 1.000000 0.817060
vt 0.937500 0.817060
vt 0.968750 0.817060
vt 0.906250 0.817060
vt 0.875000 0.817060
vt 0.812500 0.817060
vt 0.781250 0.817059
vt 0.750000 0.817060
vt 0.718750 0.817060
vt 0.687500 0.817059
vt 0.656250 0.817059
vt 0.625000 0.817060
vt 0.593750 0.817060
vt 0.562500 0.817060
vt 0.531250 0.817059
vt 0.500000 0.817059
vt 0.468750 0.817059
vt 0.437500 0.817060
vt 0.406250 0.817060
vt 0.375000 0.817060
vt 0.343750 0.817060
vt 0.312500 0.817059
vt 0.281250 0.817060
vt 0.250000 0.817060
vt 0.218750 0.817060
vt 0.187500 0.817059
vt 0.156250 0.817060
vt 0.125000 0.817060
vt 0.093750 0.817059
vt 0.062500 0.817060
vt 0.031250 0.817060
vt 0.051066 0.817060
vt 0.822747 0.425626
vt 0.574374 0.322747
vt 0.677253 0.074374
vt 0.750000 0.490000
vt 0.787086 0.436444
vt 0.796822 0.485388
vt 0.841844 0.471731
vt 0.855612 0.408059
vt 0.883337 0.449553
vt 0.919706 0.419706
vt 0.884419 0.384418
vt 0.949553 0.383337
vt 0.908060 0.355612
vt 0.925626 0.322747
vt 0.971731 0.341844
vt 0.936444 0.287086
vt 0.990000 0.250000
vt 0.940097 0.250000
vt 0.985388 0.203178
vt 0.936444 0.212914
vt 0.925626 0.177253
vt 0.971731 0.158156
vt 0.908060 0.144388
vt 0.919706 0.080294
vt 0.884419 0.115582
vt 0.883337 0.050447
vt 0.855612 0.091941
vt 0.841844 0.028269
vt 0.822747 0.074374
vt 0.787086 0.063556
vt 0.796822 0.014612
vt 0.750000 0.010000
vt 0.750000 0.059904
vt 0.703178 0.014612
vt 0.712914 0.063556
vt 0.658156 0.028269
vt 0.644388 0.091941
vt 0.616663 0.050447
vt 0.615582 0.115582
vt 0.580294 0.080294
vt 0.591941 0.144388
vt 0.550447 0.116663
vt 0.574374 0.177253
vt 0.528269 0.158156
vt 0.563556 0.212914
vt 0.559904 0.250000
vt 0.510000 0.250000
vt 0.563556 0.287086
vt 0.514612 0.296822
vt 0.528269 0.341844
vt 0.591941 0.355612
vt 0.580294 0.419706
vt 0.615582 0.384418
vt 0.644388 0.408059
vt 0.616663 0.449553
vt 0.677253 0.425626
vt 0.658156 0.471731
vt 0.712914 0.436444
vt 0.703178 0.485388
vt 0.750000 0.440096
vt 0.463531 0.375000
vt 0.459339 0.312500
vt 0.451968 0.750000
vt 0.438526 0.812500
vt 0.451968 0.250000
vt 0.459339 0.687500
vt 0.438526 0.187500
vt 0.463531 0.625000
vt 0.465719 0.562500
vt 0.466402 0.500000
vt 0.465719 0.437500
vt 0.437500 0.815733
vt 0.407866 0.125000
vt 0.406250 0.877052
vt 0.407866 0.875000
vt 0.437500 0.184267
vt 0.375000 0.096064
vt 0.406250 0.122948
vt 0.375000 0.903936
vt 0.343750 0.918678
vt 0.343750 0.081322
vt 0.312500 0.072938
vt 0.312500 0.927062
vt 0.281250 0.931439
vt 0.281250 0.068561
vt 0.250000 0.067196
vt 0.250000 0.932804
vt 0.218750 0.931439
vt 0.218750 0.068561
vt 0.187500 0.927062
vt 0.187500 0.072938
vt 0.156250 0.918678
vt 0.156250 0.081322
vt 0.125000 0.903936
vt 0.125000 0.096064
vt 0.093750 0.877052
vt 0.093750 0.122948
vt 0.092134 0.875000
vt 0.062500 0.815733
vt 0.092134 0.125000
vt 0.062500 0.184267
vt 0.036469 0.375000
vt 0.040661 0.312500
vt 0.048032 0.750000
vt 0.061474 0.812500
vt 0.048032 0.250000
vt 0.040661 0.687500
vt 0.061474 0.187500
vt 0.036469 0.625000
vt 0.034281 0.562500
vt 0.033598 0.500000
vt 0.034281 0.437500
vt 0.596994 0.886828
vt 0.401887 0.973113
vt 0.401887 0.879848
vt 0.403008 0.886828
vt 0.408636 0.898201
vt 0.591366 0.898202
vt 0.582227 0.908684
vt 0.417775 0.908683
vt 0.430073 0.917871
vt 0.569929 0.917871
vt 0.554943 0.925411
vt 0.445059 0.925411
vt 0.462156 0.931013
vt 0.537845 0.931014
vt 0.519294 0.934464
vt 0.403008 0.863172
vt 0.401887 0.870152
vt 0.598113 0.870139
vt 0.596994 0.863172
vt 0.591366 0.851798
vt 0.408636 0.851799
vt 0.417775 0.841317
vt 0.582227 0.841316
vt 0.569929 0.832129
vt 0.430073 0.832129
vt 0.445059 0.824589
vt 0.554943 0.824589
vt 0.537845 0.818986
vt 0.462156 0.818987
vt 0.480708 0.815536
vt 0.848113 0.723113
vt 0.524963 0.389543
vt 0.529354 0.386132
vt 0.470646 0.386132
vt 0.475036 0.389543
vt 0.480386 0.392342
vt 0.519614 0.392342
vt 0.486490 0.394422
vt 0.493113 0.395703
vt 0.513510 0.394422
vt 0.470477 0.385930
vt 0.529523 0.385930
vt 0.532616 0.381926
vt 0.467384 0.381926
vt 0.467318 0.381776
vt 0.532682 0.381776
vt 0.466453 0.379528
vt 0.533546 0.379528
vt 0.534020 0.378025
vt 0.465980 0.378025
vt 0.465710 0.376875
vt 0.534290 0.376875
vt 0.534431 0.375901
vt 0.465569 0.375901
vt 0.465526 0.375000
vt 0.534474 0.375000
vt 0.534430 0.374099
vt 0.465569 0.374099
vt 0.465710 0.373125
vt 0.534290 0.373125
vt 0.534020 0.371975
vt 0.465980 0.371975
vt 0.466453 0.370472
vt 0.533546 0.370472
vt 0.532682 0.368224
vt 0.467318 0.368224
vt 0.467384 0.368074
vt 0.532616 0.368074
vt 0.529523 0.364069
vt 0.470477 0.364069
vt 0.470646 0.363868
vt 0.529354 0.363868
vt 0.524963 0.360457
vt 0.475036 0.360457
vt 0.480386 0.357658
vt 0.519614 0.357658
vt 0.486490 0.355578
vt 0.493113 0.354297
vt 0.513510 0.355578
vt 0.245152 0.750000
vt 0.294779 0.475121
vt 0.250000 0.020318
vt 0.205221 0.024880
vt 0.158617 0.386764
vt 0.968750 0.956437
vt 0.968750 0.612302
vt 1.000000 0.612302
vt 1.000000 0.956437
vt 0.937500 0.612302
vt 0.875000 0.612301
vt 0.562500 0.612295
vt 0.531250 0.612294
vt 0.437500 0.956437
vt 0.000000 0.956437
vt 0.000000 0.612302
vt 0.605153 0.980153
vt 0.855153 0.730153
vt 0.530553 0.083563
vt 0.535600 0.083636
vt 0.517763 0.084238
vt 0.509366 0.085801
vt 0.544355 0.084620
vt 0.552549 0.086421
vt 0.501754 0.088136
vt 0.495219 0.091153
vt 0.559869 0.088971
vt 0.566032 0.092170
vt 0.490011 0.094737
vt 0.486332 0.098749
vt 0.570801 0.095897
vt 0.573994 0.100008
vt 0.394847 0.230153
vt 0.484322 0.103035
vt 0.575487 0.104345
vt 0.575224 0.108741
vt 0.484058 0.107431
vt 0.485552 0.111768
vt 0.573214 0.113027
vt 0.488744 0.115879
vt 0.493514 0.119605
vt 0.569534 0.117039
vt 0.564326 0.120623
vt 0.499676 0.122805
vt 0.557791 0.123640
vt 0.550179 0.125975
vt 0.506996 0.125355
vt 0.515191 0.127156
vt 0.541783 0.127538
vt 0.563108 0.375000
vt 0.561896 0.362688
vt 0.561896 0.362688
vt 0.558305 0.350849
vt 0.558305 0.350849
vt 0.553128 0.341165
vt 0.446872 0.341165
vt 0.441695 0.350849
vt 0.441292 0.352180
vt 0.441292 0.352180
vt 0.394847 0.480153
vt 0.438104 0.362688
vt 0.562972 0.376383
vt 0.562972 0.376383
vt 0.561896 0.387312
vt 0.436892 0.375000
vt 0.438104 0.387312
vt 0.438104 0.387312
vt 0.441695 0.399151
vt 0.441695 0.399151
vt 0.447527 0.410061
vt 0.558305 0.399151
vt 0.561492 0.388642
vt 0.455376 0.419624
vt 0.552473 0.410061
vt 0.464939 0.427473
vt 0.475850 0.433305
vt 0.544624 0.419624
vt 0.535061 0.427473
vt 0.487688 0.436896
vt 0.524151 0.433305
vt 0.446872 0.341165
vt 0.552473 0.339939
vt 0.544624 0.330376
vt 0.447527 0.339939
vt 0.455376 0.330376
vt 0.535061 0.322527
vt 0.524151 0.316695
vt 0.464939 0.322527
vt 0.475849 0.316695
vt 0.512312 0.313104
vt 1.000000 1.000000
vt 0.609872 0.742053
vt 0.203178 0.014612
vt 0.250000 0.010000
vt 0.296822 0.014612
vt 0.341844 0.028269
vt 0.383337 0.050447
vt 0.419706 0.080294
vt 0.449553 0.116663
vt 0.294261 0.133375
vt 0.278052 0.128458
vt 0.251470 0.125840
vt 0.080294 0.080294
vt 0.116663 0.050447
vt 0.028269 0.158156
vt 0.050447 0.116663
vt 0.010000 0.250000
vt 0.014612 0.203178
vt 0.014612 0.296822
vt 0.175771 0.375387
vt 0.050447 0.383337
vt 0.155124 0.358442
vt 0.138179 0.337794
vt 0.125587 0.314238
vt 0.224888 0.128458
vt 0.199328 0.136212
vt 0.117834 0.288677
vt 0.115216 0.262095
vt 0.175771 0.148803
vt 0.155124 0.165749
vt 0.117834 0.235514
vt 0.125587 0.209953
vt 0.303613 0.136212
vt 0.471731 0.158156
vt 0.485388 0.203178
vt 0.490000 0.250000
vt 0.485388 0.296822
vt 0.471731 0.341844
vt 0.449553 0.383337
vt 0.419706 0.419706
vt 0.341844 0.471731
vt 0.296822 0.485388
vt 0.250000 0.490000
vt 0.203178 0.485388
vt 0.158156 0.471731
vt 0.116663 0.449553
vt 0.080294 0.419706
vt 0.199328 0.387978
vt 0.224888 0.395732
vt 0.327169 0.148803
vt 0.347817 0.165749
vt 0.251470 0.398350
vt 0.364762 0.186396
vt 0.377353 0.209953
vt 0.278052 0.395732
vt 0.303613 0.387978
vt 0.385107 0.235513
vt 0.387725 0.262095
vt 0.327169 0.375387
vt 0.347817 0.358442
vt 0.385107 0.288677
vt 0.902258 0.101623
vt 0.915021 0.117175
vt 0.960275 0.292882
vt 0.948211 0.332650
vt 0.928621 0.369301
vt 0.870134 0.075259
vt 0.833484 0.055669
vt 0.902258 0.401426
vt 0.793716 0.043605
vt 0.870134 0.427789
vt 0.833484 0.447380
vt 0.752358 0.039532
vt 0.711001 0.043605
vt 0.793716 0.459443
vt 0.671233 0.055669
vt 0.752358 0.463517
vt 0.711001 0.459443
vt 0.634583 0.075259
vt 0.602459 0.101623
vt 0.671234 0.447380
vt 0.634583 0.427789
vt 0.576095 0.133747
vt 0.602459 0.401425
vt 0.556505 0.170398
vt 0.544442 0.210166
vt 0.576095 0.369301
vt 0.556505 0.332650
vt 0.540369 0.251524
vt 0.964349 0.251524
vt 0.928622 0.133747
vt 0.948212 0.170398
vt 0.843750 0.817060
vt 0.000000 0.817059
s 1
f 475/1/1 7/2/2 8/3/3
f 5/4/4 16/5/5 478/6/6
f 1/7/7 8/3/3 9/8/8
f 478/6/6 17/9/9 6/10/10
f 476/11/11 9/8/8 10/12/12
f 6/10/10 18/13/13 479/14/14
f 2/15/15 10/12/12 11/16/16
f 479/14/14 19/17/17 480/18/18
f 477/19/19 11/16/16 12/20/20
f 480/18/18 20/21/21 481/22/22
f 3/23/23 12/20/20 13/24/24
f 481/22/22 21/25/25 482/26/26
f 3/23/23 14/27/27 4/28/28
f 474/29/29 82/30/30 7/2/2
f 308/31/31 482/26/26 21/25/25
f 4/28/28 15/32/32 5/4/4
f 7/2/2 82/33/30 22/34/33
f 308/35/31 21/25/25 36/36/34
f 14/27/27 30/37/35 15/32/32
f 7/2/2 23/38/36 8/3/3
f 15/32/32 31/39/37 16/5/5
f 8/3/3 24/40/38 9/8/8
f 16/5/5 32/41/39 17/9/9
f 9/8/8 25/42/40 10/12/12
f 17/9/9 33/43/41 18/13/13
f 10/12/12 26/44/42 11/16/16
f 19/17/17 33/43/41 34/45/43
f 11/16/16 27/46/44 12/20/20
f 20/21/21 34/45/43 35/47/45
f 13/24/24 27/46/44 28/48/46
f 20/21/21 36/36/34 21/25/25
f 13/24/24 29/49/47 14/27/27
f 25/42/40 41/50/48 26/44/42
f 34/45/43 48/51/49 49/52/50
f 26/44/42 42/53/51 27/46/44
f 34/45/43 50/54/52 35/47/45
f 27/46/44 43/55/53 28/48/46
f 35/47/45 51/56/54 36/36/34
f 28/48/46 44/57/55 29/49/47
f 22/34/33 82/58/30 37/59/56
f 308/60/31 36/36/34 51/56/54
f 30/37/35 44/57/55 45/61/57
f 22/34/33 38/62/58 23/38/36
f 30/37/35 46/63/59 31/39/37
f 23/38/36 39/64/60 24/40/38
f 32/41/39 46/63/59 47/65/61
f 24/40/38 40/66/62 25/42/40
f 33/43/41 47/65/61 48/51/49
f 44/57/55 60/67/63 45/61/57
f 37/59/56 53/68/64 38/62/58
f 45/61/57 61/69/65 46/63/59
f 38/62/58 54/70/66 39/64/60
f 47/65/61 61/69/65 62/71/67
f 39/64/60 55/72/68 40/66/62
f 47/65/61 63/73/69 48/51/49
f 40/66/62 56/74/70 41/50/48
f 48/51/49 64/75/71 49/52/50
f 41/50/48 57/76/72 42/53/51
f 49/52/50 65/77/73 50/54/52
f 43/55/53 57/76/72 58/78/74
f 50/54/52 66/79/75 51/56/54
f 44/57/55 58/78/74 59/80/76
f 37/59/56 82/81/30 52/82/77
f 308/83/31 51/56/54 66/79/75
f 63/73/69 79/84/78 64/75/71
f 56/74/70 72/85/79 57/76/72
f 65/77/73 79/84/78 80/86/80
f 58/78/74 72/85/79 73/87/81
f 65/77/73 81/88/82 66/79/75
f 59/80/76 73/87/81 74/89/83
f 52/82/77 82/90/30 67/91/84
f 308/92/31 66/79/75 81/88/82
f 59/80/76 75/93/85 60/67/63
f 52/82/77 68/94/86 53/68/64
f 60/67/63 76/95/87 61/69/65
f 53/68/64 69/96/88 54/70/66
f 62/71/67 76/95/87 77/97/89
f 54/70/66 70/98/90 55/72/68
f 62/71/67 78/99/91 63/73/69
f 56/74/70 70/98/90 71/100/92
f 67/91/84 84/101/93 68/94/86
f 75/93/85 92/102/94 76/95/87
f 68/94/86 85/103/95 69/96/88
f 77/97/89 92/102/94 93/104/96
f 69/96/88 86/105/97 70/98/90
f 77/97/89 94/106/98 78/99/91
f 71/100/92 86/105/97 87/107/99
f 78/99/91 95/108/100 79/84/78
f 71/100/92 88/109/101 72/85/79
f 79/84/78 96/110/102 80/86/80
f 73/87/81 88/109/101 89/111/103
f 81/88/82 96/110/102 97/112/104
f 74/89/83 89/111/103 90/113/105
f 67/91/84 82/114/30 83/115/106
f 308/116/31 81/88/82 97/112/104
f 74/89/83 91/117/107 75/93/85
f 87/107/99 103/118/108 88/109/101
f 96/110/102 110/119/109 111/120/110
f 89/111/103 103/118/108 104/121/111
f 96/110/102 112/122/112 97/112/104
f 90/113/105 104/121/111 105/123/113
f 83/115/106 82/124/30 98/125/114
f 308/126/31 97/112/104 112/122/112
f 90/113/105 106/127/115 91/117/107
f 84/101/93 98/125/114 99/128/116
f 91/117/107 107/129/117 92/102/94
f 84/101/93 100/130/118 85/103/95
f 93/104/96 107/129/117 108/131/119
f 85/103/95 101/132/120 86/105/97
f 93/104/96 109/133/121 94/106/98
f 87/107/99 101/132/120 102/134/122
f 95/108/100 109/133/121 110/119/109
f 106/127/115 122/135/123 107/129/117
f 99/128/116 115/136/124 100/130/118
f 108/131/119 122/135/123 123/137/125
f 100/130/118 116/138/126 101/132/120
f 108/131/119 124/139/127 109/133/121
f 102/134/122 116/138/126 117/140/128
f 110/119/109 124/139/127 125/141/129
f 102/134/122 118/142/130 103/118/108
f 110/119/109 126/143/131 111/120/110
f 104/121/111 118/142/130 119/144/132
f 111/120/110 127/145/133 112/122/112
f 105/123/113 119/144/132 120/146/134
f 98/125/114 82/147/30 113/148/135
f 308/149/31 112/122/112 127/145/133
f 105/123/113 121/150/136 106/127/115
f 99/128/116 113/148/135 114/151/137
f 125/141/129 141/152/138 126/143/131
f 119/144/132 133/153/139 134/154/140
f 126/143/131 142/155/141 127/145/133
f 120/146/134 134/154/140 135/156/142
f 113/148/135 82/157/30 128/158/143
f 308/159/31 127/145/133 142/155/141
f 120/146/134 136/160/144 121/150/136
f 113/148/135 129/161/145 114/151/137
f 121/150/136 137/162/146 122/135/123
f 114/151/137 130/163/147 115/136/124
f 123/137/125 137/162/146 138/164/148
f 115/136/124 131/165/149 116/138/126
f 123/137/125 139/166/150 124/139/127
f 117/140/128 131/165/149 132/167/151
f 125/141/129 139/166/150 140/168/152
f 117/140/128 133/153/139 118/142/130
f 138/164/148 152/169/153 153/170/154
f 130/163/147 146/171/155 131/165/149
f 138/164/148 154/172/156 139/166/150
f 132/167/151 146/171/155 147/173/157
f 140/168/152 154/172/156 155/174/158
f 132/167/151 148/175/159 133/153/139
f 140/168/152 156/176/160 141/152/138
f 134/154/140 148/175/159 149/177/161
f 142/155/141 156/176/160 157/178/162
f 135/156/142 149/177/161 150/179/163
f 128/158/143 82/180/30 143/181/164
f 308/182/31 142/155/141 157/178/162
f 135/156/142 151/183/165 136/160/144
f 128/158/143 144/184/166 129/161/145
f 136/160/144 152/169/153 137/162/146
f 130/163/147 144/184/166 145/185/167
f 156/176/160 172/186/168 157/178/162
f 150/179/163 164/187/169 165/188/170
f 143/181/164 82/189/30 158/190/171
f 308/191/31 157/178/162 172/186/168
f 150/179/163 166/192/172 151/183/165
f 143/181/164 159/193/173 144/184/166
f 151/183/165 167/194/174 152/169/153
f 145/185/167 159/193/173 160/195/175
f 153/170/154 167/194/174 168/196/176
f 145/185/167 161/197/177 146/171/155
f 153/170/154 169/198/178 154/172/156
f 147/173/157 161/197/177 162/199/179
f 155/174/158 169/198/178 170/200/180
f 147/173/157 163/201/181 148/175/159
f 155/174/158 171/202/182 156/176/160
f 149/177/161 163/201/181 164/187/169
f 160/195/175 176/203/183 161/197/177
f 168/196/176 184/204/184 169/198/178
f 162/199/179 176/203/183 177/205/185
f 169/198/178 185/206/186 170/200/180
f 162/199/179 178/207/187 163/201/181
f 171/202/182 185/206/186 186/208/188
f 164/187/169 178/207/187 179/209/189
f 172/186/168 186/208/188 187/210/190
f 165/188/170 179/209/189 180/211/191
f 158/190/171 82/212/30 173/213/192
f 308/214/31 172/186/168 187/210/190
f 165/188/170 181/215/193 166/192/172
f 158/190/171 174/216/194 159/193/173
f 166/192/172 182/217/195 167/194/174
f 159/193/173 175/218/196 160/195/175
f 168/196/176 182/217/195 183/219/197
f 180/211/191 194/220/198 195/221/199
f 173/213/192 82/222/30 188/223/200
f 308/224/31 187/210/190 202/225/201
f 180/211/191 196/226/202 181/215/193
f 174/216/194 188/223/200 189/227/203
f 181/215/193 197/228/204 182/217/195
f 175/218/196 189/227/203 190/229/205
f 183/219/197 197/228/204 198/230/206
f 175/218/196 191/231/207 176/203/183
f 183/219/197 199/232/208 184/204/184
f 177/205/185 191/231/207 192/233/209
f 185/206/186 199/232/208 200/234/210
f 177/205/185 193/235/211 178/207/187
f 185/206/186 201/236/212 186/208/188
f 179/209/189 193/235/211 194/220/198
f 186/208/188 202/225/201 187/210/190
f 198/230/206 214/237/213 199/232/208
f 192/233/209 206/238/214 207/239/215
f 200/234/210 214/237/213 215/240/216
f 192/233/209 208/241/217 193/235/211
f 200/234/210 216/242/218 201/236/212
f 194/220/198 208/241/217 209/243/219
f 201/236/212 217/244/220 202/225/201
f 195/221/199 209/243/219 210/245/221
f 188/223/200 82/246/30 203/247/222
f 308/248/31 202/225/201 217/244/220
f 195/221/199 211/249/223 196/226/202
f 188/223/200 204/250/224 189/227/203
f 196/226/202 212/251/225 197/228/204
f 189/227/203 205/252/226 190/229/205
f 198/230/206 212/251/225 213/253/227
f 190/229/205 206/238/214 191/231/207
f 203/247/222 82/254/30 218/255/228
f 308/256/31 217/244/220 232/257/229
f 210/245/221 226/258/230 211/249/223
f 203/247/222 219/259/231 204/250/224
f 211/249/223 227/260/232 212/251/225
f 204/250/224 220/261/233 205/252/226
f 213/253/227 227/260/232 228/262/234
f 205/252/226 221/263/235 206/238/214
f 213/253/227 229/264/236 214/237/213
f 207/239/215 221/263/235 222/265/237
f 215/240/216 229/264/236 230/266/238
f 207/239/215 223/267/239 208/241/217
f 215/240/216 231/268/240 216/242/218
f 209/243/219 223/267/239 224/269/241
f 216/242/218 232/257/229 217/244/220
f 210/245/221 224/269/241 225/270/242
f 222/265/237 236/271/243 237/272/244
f 230/266/238 244/273/245 245/274/246
f 222/265/237 238/275/247 223/267/239
f 230/266/238 246/276/248 231/268/240
f 224/269/241 238/275/247 239/277/249
f 232/257/229 246/276/248 247/278/250
f 225/270/242 239/277/249 240/279/251
f 218/255/228 82/280/30 233/281/252
f 308/282/31 232/257/229 247/278/250
f 225/270/242 241/283/253 226/258/230
f 218/255/228 234/284/254 219/259/231
f 226/258/230 242/285/255 227/260/232
f 220/261/233 234/284/254 235/286/256
f 228/262/234 242/285/255 243/287/257
f 220/261/233 236/271/243 221/263/235
f 228/262/234 244/273/245 229/264/236
f 240/279/251 256/288/258 241/283/253
f 233/281/252 249/289/259 234/284/254
f 241/283/253 257/290/260 242/285/255
f 234/284/254 250/291/261 235/286/256
f 243/287/257 257/290/260 258/292/262
f 235/286/256 251/293/263 236/271/243
f 243/287/257 259/294/264 244/273/245
f 237/272/244 251/293/263 252/295/265
f 245/274/246 259/294/264 260/296/266
f 237/272/244 253/297/267 238/275/247
f 245/274/246 261/298/268 246/276/248
f 239/277/249 253/297/267 254/299/269
f 246/276/248 262/300/270 247/278/250
f 240/279/251 254/299/269 255/301/271
f 233/281/252 82/302/30 248/303/272
f 308/304/31 247/278/250 262/300/270
f 260/296/266 274/305/273 275/306/274
f 252/295/265 268/307/275 253/297/267
f 260/296/266 276/308/276 261/298/268
f 254/299/269 268/307/275 269/309/277
f 261/298/268 277/310/278 262/300/270
f 255/301/271 269/309/277 270/311/279
f 248/303/272 82/312/30 263/313/280
f 308/314/31 262/300/270 277/310/278
f 255/301/271 271/315/281 256/288/258
f 249/289/259 263/313/280 264/316/282
f 256/288/258 272/317/283 257/290/260
f 249/289/259 265/318/284 250/291/261
f 258/292/262 272/317/283 273/319/285
f 250/291/261 266/320/286 251/293/263
f 258/292/262 274/305/273 259/294/264
f 252/295/265 266/320/286 267/321/287
f 271/315/281 287/322/288 272/317/283
f 264/316/282 280/323/289 265/318/284
f 273/319/285 287/322/288 288/324/290
f 265/318/284 281/325/291 266/320/286
f 273/319/285 289/326/292 274/305/273
f 267/321/287 281/325/291 282/327/293
f 275/306/274 289/326/292 290/328/294
f 267/321/287 283/329/295 268/307/275
f 275/306/274 291/330/296 276/308/276
f 269/309/277 283/329/295 284/331/297
f 277/310/278 291/330/296 292/332/298
f 270/311/279 284/331/297 285/333/299
f 263/313/280 82/334/30 278/335/300
f 308/336/31 277/310/278 292/332/298
f 270/311/279 286/337/301 271/315/281
f 264/316/282 278/335/300 279/338/302
f 290/328/294 306/339/303 291/330/296
f 284/331/297 298/340/304 299/341/305
f 292/332/298 306/339/303 307/342/306
f 285/333/299 299/341/305 300/343/307
f 278/335/300 82/344/30 293/345/308
f 308/346/31 292/332/298 307/342/306
f 285/333/299 301/347/309 286/337/301
f 278/335/300 294/348/310 279/338/302
f 286/337/301 302/349/311 287/322/288
f 279/338/302 295/350/312 280/323/289
f 288/324/290 302/349/311 303/351/313
f 280/323/289 296/352/314 281/325/291
f 288/324/290 304/353/315 289/326/292
f 282/327/293 296/352/314 297/354/316
f 290/328/294 304/353/315 305/355/317
f 282/327/293 298/340/304 283/329/295
f 294/348/310 311/356/318 295/350/312
f 303/351/313 318/357/319 319/358/320
f 295/350/312 312/359/321 296/352/314
f 303/351/313 320/360/322 304/353/315
f 297/354/316 312/359/321 313/361/323
f 305/355/317 320/360/322 321/362/324
f 297/354/316 314/363/325 298/340/304
f 305/355/317 322/364/326 306/339/303
f 299/341/305 314/363/325 315/365/327
f 306/339/303 323/366/328 307/342/306
f 300/343/307 315/365/327 316/367/329
f 293/345/308 82/368/30 309/369/330
f 308/370/31 307/342/306 323/366/328
f 300/343/307 317/371/331 301/347/309
f 293/345/308 310/372/332 294/348/310
f 301/347/309 318/357/319 302/349/311
f 315/365/327 329/373/333 330/374/334
f 322/364/326 338/375/335 323/366/328
f 316/367/329 330/374/334 331/376/336
f 309/369/330 82/377/30 324/378/337
f 308/379/31 323/366/328 338/375/335
f 316/367/329 332/380/338 317/371/331
f 309/369/330 325/381/339 310/372/332
f 317/371/331 333/382/340 318/357/319
f 310/372/332 326/383/341 311/356/318
f 319/358/320 333/382/340 334/384/342
f 311/356/318 327/385/343 312/359/321
f 319/358/320 335/386/344 320/360/322
f 312/359/321 328/387/345 313/361/323
f 321/362/324 335/386/344 336/388/346
f 313/361/323 329/373/333 314/363/325
f 321/362/324 337/389/347 322/364/326
f 334/384/342 348/390/348 349/391/349
f 326/383/341 342/392/350 327/385/343
f 334/384/342 350/393/351 335/386/344
f 328/387/345 342/392/350 343/394/352
f 336/388/346 350/393/351 351/395/353
f 328/387/345 344/396/354 329/373/333
f 336/388/346 352/397/355 337/389/347
f 330/374/334 344/396/354 345/398/356
f 337/389/347 353/399/357 338/375/335
f 331/376/336 345/398/356 346/400/358
f 324/378/337 82/401/30 339/402/359
f 308/403/31 338/375/335 353/399/357
f 331/376/336 347/404/360 332/380/338
f 324/378/337 340/405/361 325/381/339
f 332/380/338 348/390/348 333/382/340
f 325/381/339 341/406/362 326/383/341
f 352/397/355 368/407/363 353/399/357
f 346/400/358 360/408/364 361/409/365
f 339/402/359 82/410/30 354/411/366
f 308/412/31 353/399/357 368/407/363
f 346/400/358 362/413/367 347/404/360
f 339/402/359 355/414/368 340/405/361
f 347/404/360 363/415/369 348/390/348
f 341/406/362 355/414/368 356/416/370
f 349/391/349 363/415/369 364/417/371
f 341/406/362 357/418/372 342/392/350
f 349/391/349 365/419/373 350/393/351
f 343/394/352 357/418/372 358/420/374
f 351/395/353 365/419/373 366/421/375
f 343/394/352 359/422/376 344/396/354
f 351/395/353 367/423/377 352/397/355
f 345/398/356 359/422/376 360/408/364
f 356/424/370 372/425/378 357/426/372
f 364/427/371 380/428/379 365/429/373
f 358/430/374 372/425/378 373/431/380
f 366/432/375 380/428/379 381/433/381
f 358/430/374 374/434/382 359/435/376
f 366/432/375 382/436/383 367/437/377
f 360/438/364 374/434/382 375/439/384
f 367/437/377 383/440/385 368/441/363
f 361/442/365 375/439/384 376/443/386
f 354/444/366 82/445/30 369/446/387
f 308/447/31 368/441/363 383/440/385
f 361/442/365 377/448/388 362/449/367
f 354/444/366 370/450/389 355/451/368
f 362/449/367 378/452/390 363/453/369
f 356/424/370 370/450/389 371/454/391
f 364/427/371 378/452/390 379/455/392
f 376/443/386 390/456/393 391/457/394
f 369/446/387 82/458/30 384/459/395
f 308/460/31 383/440/385 398/461/396
f 376/443/386 392/462/397 377/448/388
f 369/446/387 385/463/398 370/450/389
f 377/448/388 393/464/399 378/452/390
f 371/454/391 385/463/398 386/465/400
f 379/455/392 393/464/399 394/466/401
f 371/454/391 387/467/402 372/425/378
f 379/455/392 395/468/403 380/428/379
f 373/431/380 387/467/402 388/469/404
f 381/433/381 395/468/403 396/470/405
f 373/431/380 389/471/406 374/434/382
f 381/433/381 397/472/407 382/436/383
f 375/439/384 389/471/406 390/456/393
f 382/436/383 398/461/396 383/440/385
f 394/466/401 410/473/408 395/468/403
f 388/469/404 402/474/409 403/475/410
f 396/470/405 410/473/408 411/476/411
f 388/469/404 404/477/412 389/471/406
f 397/472/407 411/476/411 412/478/413
f 390/456/393 404/477/412 405/479/414
f 397/472/407 413/480/415 398/461/396
f 391/457/394 405/479/414 406/481/416
f 384/459/395 82/482/30 399/483/417
f 308/484/31 398/461/396 413/480/415
f 391/457/394 407/485/418 392/462/397
f 385/463/398 399/483/417 400/486/419
f 392/462/397 408/487/420 393/464/399
f 385/463/398 401/488/421 386/465/400
f 394/466/401 408/487/420 409/489/422
f 386/465/400 402/474/409 387/467/402
f 308/490/31 413/480/415 428/491/423
f 406/481/416 422/492/424 407/485/418
f 399/483/417 415/493/425 400/486/419
f 407/485/418 423/494/426 408/487/420
f 401/488/421 415/493/425 416/495/427
f 409/489/422 423/494/426 424/496/428
f 401/488/421 417/497/429 402/474/409
f 409/489/422 425/498/430 410/473/408
f 403/475/410 417/497/429 418/499/431
f 411/476/411 425/498/430 426/500/432
f 403/475/410 419/501/433 404/477/412
f 411/476/411 427/502/434 412/478/413
f 405/479/414 419/501/433 420/503/435
f 412/478/413 428/491/423 413/480/415
f 406/481/416 420/503/435 421/504/436
f 399/483/417 82/505/30 414/506/437
f 426/500/432 440/507/438 441/508/439
f 418/499/431 434/509/440 419/501/433
f 426/500/432 442/510/441 427/502/434
f 420/503/435 434/509/440 435/511/442
f 427/502/434 443/512/443 428/491/423
f 421/504/436 435/511/442 436/513/444
f 414/506/437 82/514/30 429/515/445
f 308/516/31 428/491/423 443/512/443
f 421/504/436 437/517/446 422/492/424
f 414/506/437 430/518/447 415/493/425
f 422/492/424 438/519/448 423/494/426
f 416/495/427 430/518/447 431/520/449
f 424/496/428 438/519/448 439/521/450
f 416/495/427 432/522/451 417/497/429
f 424/496/428 440/507/438 425/498/430
f 418/499/431 432/522/451 433/523/452
f 430/518/447 444/524/453 445/525/454
f 437/517/446 453/526/455 438/519/448
f 430/518/447 446/527/456 431/520/449
f 439/521/450 453/526/455 454/528/457
f 431/520/449 447/529/458 432/522/451
f 439/521/450 455/530/459 440/507/438
f 433/523/452 447/529/458 448/531/460
f 441/508/439 455/530/459 456/532/461
f 433/523/452 449/533/462 434/509/440
f 441/508/439 457/534/463 442/510/441
f 435/511/442 449/533/462 450/535/464
f 442/510/441 458/536/465 443/512/443
f 436/513/444 450/535/464 451/537/466
f 429/515/445 82/538/30 444/524/453
f 308/539/31 443/512/443 458/536/465
f 436/513/444 452/540/467 437/517/446
f 448/531/460 464/541/468 449/533/462
f 456/532/461 472/542/469 457/534/463
f 450/535/464 464/541/468 465/543/470
f 458/536/465 472/542/469 473/544/471
f 451/537/466 465/543/470 466/545/472
f 444/524/453 82/546/30 459/547/473
f 308/548/31 458/536/465 473/544/471
f 451/537/466 467/549/474 452/540/467
f 444/524/453 460/550/475 445/525/454
f 452/540/467 468/551/476 453/526/455
f 446/527/456 460/550/475 461/552/477
f 454/528/457 468/551/476 469/553/478
f 446/527/456 462/554/479 447/529/458
f 454/528/457 470/555/480 455/530/459
f 448/531/460 462/554/479 463/556/481
f 456/532/461 470/555/480 471/557/482
f 467/549/474 478/6/6 468/551/476
f 461/552/477 475/1/1 1/7/7
f 468/551/476 6/10/10 469/553/478
f 462/554/479 1/7/7 476/11/11
f 469/553/478 479/14/14 470/555/480
f 463/556/481 476/11/11 2/15/15
f 471/557/482 479/14/14 480/18/18
f 464/541/468 2/15/15 477/19/19
f 471/557/482 481/22/22 472/542/469
f 465/543/470 477/19/19 3/23/23
f 472/542/469 482/26/26 473/544/471
f 466/545/472 3/23/23 4/28/28
f 459/547/473 82/558/30 474/29/29
f 308/559/31 473/544/471 482/26/26
f 466/545/472 5/4/4 467/549/474
f 460/550/475 474/29/29 475/1/1
f 556/560/483 907/561/251 909/562/251
f 812/563/484 897/564/251 894/565/251
f 867/566/134 809/567/134 864/568/134
f 700/569/30 832/570/30 866/571/30
f 604/572/365 661/573/365 535/574/365
f 863/575/28 1363/576/28 1365/577/28
f 672/578/28 1321/579/28 1318/580/28
f 491/581/485 505/582/486 535/583/487
f 556/584/483 577/585/488 604/572/489
f 625/586/28 661/587/28 874/588/28
f 700/589/28 873/590/28 751/591/28
f 778/592/490 809/593/491 812/594/484
f 832/595/492 851/596/493 856/597/494
f 860/598/28 875/599/28 864/600/28
f 866/601/28 867/602/28 877/603/28
f 491/581/495 661/587/495 625/586/495
f 556/584/483 535/574/487 505/604/486
f 700/589/496 604/572/496 577/585/496
f 874/605/28 751/591/28 873/606/28
f 625/586/28 875/599/28 860/598/28
f 866/601/28 873/606/28 700/607/28
f 864/568/28 877/603/28 867/566/28
f 860/598/497 809/567/497 778/592/497
f 832/570/498 867/566/498 866/571/498
f 812/563/484 856/608/494 851/596/493
f 935/609/499 778/592/490 926/610/500
f 936/611/501 577/612/488 886/613/502
f 860/598/31 491/581/31 625/586/31
f 672/578/503 873/606/503 727/614/503
f 863/575/504 874/605/504 672/578/504
f 727/614/505 877/603/505 869/615/505
f 869/615/506 875/616/506 863/575/506
f 941/617/507 891/618/508 936/619/509
f 941/617/507 944/620/510 893/621/511
f 943/622/512 947/623/513 906/624/514
f 950/625/515 902/626/516 946/627/517
f 953/628/518 901/629/519 949/630/520
f 959/631/521 898/632/522 952/633/523
f 962/634/524 897/635/525 957/636/526
f 965/637/527 894/638/528 961/639/529
f 968/640/530 896/641/531 964/642/532
f 971/643/533 899/644/534 967/645/535
f 978/646/536 928/647/537 970/648/538
f 981/649/539 932/650/540 973/651/541
f 983/652/542 929/653/543 979/654/544
f 986/655/545 931/656/546 982/657/547
f 990/658/548 934/659/549 985/660/550
f 993/661/551 926/662/552 988/663/553
f 925/664/554 996/665/555 1003/666/556
f 920/667/557 998/668/558 1008/669/559
f 912/670/560 1005/671/561 1010/672/562
f 913/673/563 1012/674/564 1019/675/565
f 915/676/566 1017/677/567 1024/678/568
f 916/679/569 1022/680/570 1029/681/571
f 907/682/572 1027/683/573 1033/684/574
f 909/685/575 1031/686/576 1037/687/577
f 910/688/578 1035/689/579 1038/690/580
f 918/691/581 1040/692/582 1043/693/583
f 879/694/584 1044/695/585 1047/696/586
f 880/697/587 1049/698/588 1051/699/589
f 882/700/590 1052/701/591 1055/702/592
f 882/700/590 1061/703/593 1058/704/594
f 885/705/595 1065/706/596 1063/707/597
f 939/708/598 886/709/599 883/710/600
f 1071/711/601 941/712/507 1066/713/602
f 1077/714/603 943/715/512 1075/716/604
f 946/717/517 1078/718/605 950/719/515
f 949/720/520 1080/721/606 1082/722/607
f 959/723/521 952/724/523 1082/722/607
f 962/725/524 957/726/526 1085/727/608
f 965/728/527 961/729/529 1087/730/609
f 968/731/530 964/732/532 1089/733/610
f 971/734/533 967/735/535 1090/736/134
f 978/737/536 970/738/538 1093/739/611
f 981/740/539 973/741/541 1094/742/612
f 983/743/542 979/744/544 1097/745/613
f 986/746/545 982/747/547 1098/748/614
f 985/749/550 1100/750/615 1104/751/616
f 988/752/553 1102/751/617 1108/753/618
f 996/754/555 1106/753/619 1110/755/31
f 1003/756/556 1110/755/31 1112/757/620
f 998/756/621 1114/758/621 1116/759/621
f 1005/760/561 1121/761/622 1123/762/623
f 1019/763/565 1012/764/564 1125/765/624
f 1024/766/568 1017/763/567 1127/767/625
f 1029/768/571 1022/766/570 1129/769/626
f 1033/770/574 1027/768/573 1130/771/627
f 1037/772/577 1031/770/576 1132/773/628
f 1038/774/580 1035/772/579 1135/775/365
f 1043/776/583 1040/774/582 1136/777/629
f 1047/778/586 1044/776/585 1139/779/630
f 1051/780/589 1049/778/588 1141/781/631
f 1055/782/592 1052/780/591 1143/783/632
f 1146/784/633 1056/782/634 1144/785/635
f 1058/786/594 1148/787/636 1152/788/637
f 1063/789/597 1150/790/638 1154/791/639
f 768/792/251 514/793/251 718/794/251
f 827/795/134 692/796/134 798/797/134
f 633/798/30 745/799/30 823/800/30
f 568/801/365 1156/802/365 526/803/365
f 651/804/365 1212/805/365 1214/806/365
f 840/807/28 1090/808/28 1089/809/28
f 609/810/28 1135/811/28 1132/812/28
f 497/813/640 514/814/640 526/815/640
f 541/816/641 550/817/641 568/801/641
f 586/818/642 592/819/642 609/820/642
f 633/821/643 643/822/643 651/804/643
f 678/823/644 692/824/644 718/825/644
f 745/826/645 768/792/645 774/827/645
f 784/828/646 790/829/646 798/830/646
f 823/831/647 827/832/647 840/807/647
f 497/813/625 592/819/625 586/818/625
f 541/816/648 526/803/648 514/833/648
f 633/821/632 568/801/632 550/817/632
f 609/810/649 651/804/649 643/834/649
f 586/818/650 790/829/650 784/828/650
f 823/831/651 643/834/651 633/835/651
f 798/797/652 840/807/652 827/795/652
f 784/828/614 692/796/614 678/823/614
f 745/799/607 827/795/607 823/800/607
f 718/794/653 774/836/653 768/792/653
f 678/823/654 514/814/654 497/813/654
f 550/837/655 768/792/655 745/826/655
f 784/828/31 497/813/31 586/818/31
f 510/838/656 1207/839/657 1202/840/656
f 510/838/656 1218/841/658 524/842/659
f 546/843/660 1218/841/658 1220/844/660
f 565/845/661 1220/844/660 1216/846/661
f 579/847/662 1216/846/661 1188/848/662
f 598/849/663 1188/848/662 1185/850/663
f 616/851/664 1185/850/663 1180/852/664
f 628/28/665 1180/852/664 1176/853/665
f 646/27/666 1176/853/665 1173/854/666
f 663/49/667 1173/854/666 1169/855/667
f 685/57/668 1169/855/667 1165/856/668
f 708/80/669 1165/856/668 1160/857/669
f 737/89/670 1160/857/669 1156/858/670
f 1158/859/671 760/113/672 1156/858/670
f 780/123/673 1163/860/672 1167/861/673
f 794/862/674 1167/861/673 1171/863/674
f 805/864/675 1171/863/674 1174/865/675
f 819/866/676 1174/865/675 1178/867/676
f 1183/868/677 819/866/676 1178/867/676
f 844/869/678 1183/868/677 1187/870/678
f 862/871/679 1187/870/678 1191/872/679
f 865/873/680 1191/872/679 1192/874/680
f 868/875/681 1192/874/680 1198/876/681
f 871/877/682 1198/876/681 1196/878/682
f 876/879/683 1196/878/682 1194/880/683
f 878/881/684 1194/880/683 1200/882/685
f 881/883/686 1200/882/685 1205/884/686
f 884/885/687 1205/884/686 1209/886/687
f 888/887/688 1209/886/687 1214/888/688
f 1212/889/689 888/887/688 1214/888/688
f 895/890/690 1212/889/689 1210/891/690
f 487/409/657 1210/891/690 1207/892/657
f 487/409/691 904/893/692 900/894/691
f 1222/895/693 904/893/694 1224/896/695
f 1224/896/695 908/897/696 1226/898/697
f 1226/898/697 911/899/698 1228/900/699
f 1228/900/699 914/901/700 1231/902/701
f 1231/902/701 917/903/702 1233/904/703
f 1233/904/703 919/905/704 1235/906/705
f 924/907/706 1235/906/705 919/905/704
f 927/908/665 1236/909/707 924/907/706
f 927/908/665 1240/910/708 1238/911/665
f 930/912/709 1243/913/710 1240/910/708
f 933/914/711 1245/915/712 1243/913/710
f 938/916/713 1246/917/714 1245/915/712
f 1246/917/714 945/918/715 1250/919/716
f 945/918/715 1252/920/717 1250/919/716
f 948/921/718 1254/922/719 1252/920/717
f 951/923/720 1256/924/721 1254/922/719
f 955/925/134 1259/926/722 1256/924/721
f 960/927/723 1260/928/724 1259/926/722
f 963/929/725 1263/930/726 1260/928/724
f 966/931/727 1264/932/728 1263/930/726
f 969/933/729 1266/934/730 1264/932/728
f 972/935/731 1268/936/732 1266/934/730
f 976/937/733 1270/938/734 1268/936/732
f 980/939/734 1272/940/682 1270/938/734
f 1272/940/682 987/941/735 1275/942/736
f 1275/942/736 989/943/737 1276/944/738
f 1276/944/738 994/945/739 1278/946/740
f 1278/946/740 1001/947/741 1281/948/742
f 1281/948/742 1006/949/743 1282/950/744
f 1282/950/744 1015/951/745 1283/952/746
f 487/409/691 1021/953/747 895/890/748
f 1283/952/746 1021/953/749 1284/954/750
f 1284/954/750 900/894/365 1222/955/693
f 510/838/751 908/897/752 904/893/692
f 524/842/753 911/899/754 908/897/752
f 546/843/755 914/901/756 911/899/754
f 565/845/757 917/903/758 914/901/756
f 579/847/759 919/905/760 917/903/758
f 598/849/761 924/907/762 919/905/760
f 895/890/748 1015/951/763 892/956/764
f 892/956/764 1006/949/765 888/887/766
f 888/887/766 1001/947/767 884/885/768
f 884/885/768 994/945/769 881/883/770
f 881/883/770 989/943/771 878/881/772
f 878/881/772 987/941/773 876/879/774
f 876/879/774 984/957/775 871/877/776
f 871/877/776 980/939/777 868/875/778
f 868/875/778 976/937/779 865/873/780
f 865/873/780 972/935/781 862/871/782
f 862/871/782 969/933/783 844/869/784
f 844/869/784 966/931/785 836/958/786
f 836/958/786 963/929/787 819/866/788
f 819/866/788 960/927/789 805/864/790
f 794/862/791 805/864/792 955/925/793
f 805/864/790 960/927/789 955/925/794
f 780/123/795 794/862/796 951/923/797
f 794/862/791 955/925/793 951/923/798
f 760/113/799 951/923/797 948/921/800
f 737/89/801 948/921/800 945/918/802
f 708/80/803 945/918/802 942/959/804
f 685/57/805 942/959/804 938/916/806
f 663/49/807 938/916/806 933/914/808
f 616/851/809 927/908/810 924/907/762
f 628/28/811 930/912/812 927/908/810
f 646/27/813 933/914/808 930/912/812
f 484/442/814 503/893/815 500/838/815
f 500/838/815 517/897/816 511/842/816
f 517/897/816 520/843/817 511/842/816
f 520/843/817 538/901/818 531/845/818
f 538/901/818 547/847/819 531/845/818
f 547/847/819 562/905/820 560/849/820
f 562/905/820 571/851/821 560/849/820
f 571/851/821 589/908/134 583/28/134
f 589/908/134 596/27/822 583/28/134
f 596/27/822 613/914/823 607/49/823
f 613/914/823 619/57/824 607/49/823
f 621/916/824 631/80/825 619/57/824
f 637/959/825 640/89/826 631/80/825
f 640/89/826 657/921/827 655/113/827
f 657/921/827 667/123/828 655/113/827
f 673/923/828 682/862/829 667/123/828
f 682/862/829 706/927/830 698/864/830
f 698/864/830 722/929/831 714/866/831
f 722/929/831 725/958/832 714/866/831
f 725/958/832 747/933/833 739/869/833
f 747/933/833 755/871/834 739/869/833
f 755/871/834 775/937/835 771/873/835
f 775/937/835 781/875/836 771/873/835
f 781/875/836 796/957/365 793/877/365
f 793/877/365 807/941/837 802/879/837
f 802/879/837 814/943/838 810/881/838
f 814/943/838 816/883/839 810/881/838
f 816/883/839 830/947/840 829/885/840
f 829/885/840 843/949/841 838/887/841
f 838/887/841 848/951/842 846/956/842
f 1288/960/843 814/961/843 722/962/843
f 529/963/843 1310/964/843 1316/965/843
f 848/951/842 854/890/844 846/956/842
f 858/953/844 484/409/814 854/890/844
f 781/966/845 816/967/845 1284/968/845
f 571/969/845 619/970/845 1254/971/845
f 679/838/830 1303/972/829 675/442/829
f 679/838/830 1302/973/831 1304/974/830
f 1294/975/846 684/842/831 689/843/846
f 694/845/833 1294/975/846 689/843/846
f 695/847/834 1289/976/833 694/845/833
f 1290/977/835 695/847/834 701/849/835
f 1286/978/836 701/849/835 703/851/836
f 1285/979/365 703/851/836 710/28/365
f 712/27/837 1285/979/365 710/28/365
f 716/49/838 1287/980/837 712/27/837
f 720/57/839 1291/981/838 716/49/838
f 724/80/840 1292/982/839 720/57/839
f 730/89/841 1293/983/840 724/80/840
f 732/113/842 1299/984/841 730/89/841
f 1300/985/842 735/123/844 1301/986/844
f 1301/986/844 741/862/814 1296/987/814
f 1296/987/814 743/864/815 1295/988/815
f 743/864/815 1298/989/816 1295/988/815
f 1298/989/816 753/958/817 1297/990/817
f 753/958/817 1317/991/818 1297/990/817
f 757/869/818 1310/992/819 1317/991/818
f 761/871/819 1316/993/820 1310/992/819
f 765/873/820 1312/994/821 1316/993/820
f 1312/994/821 772/877/134 1311/995/134
f 772/877/134 1313/996/822 1311/995/134
f 773/879/822 1315/997/823 1313/996/822
f 1315/997/823 777/883/824 1314/998/824
f 777/883/824 1309/999/825 1314/998/824
f 779/885/825 1308/1000/847 1309/999/825
f 1308/1000/847 786/956/827 1307/1001/827
f 786/956/827 1305/1002/828 1306/1003/848
f 675/409/829 1305/1002/828 789/890/828
f 496/1004/843 641/1005/843 593/1006/843
f 675/1007/843 792/1008/843 679/1009/843
f 684/1010/843 792/1008/843 795/1004/843
f 684/1010/843 797/1011/843 689/1012/843
f 694/1013/843 797/1011/843 799/1014/843
f 695/1015/843 799/1014/843 800/1016/843
f 695/1015/843 803/1017/843 701/1018/843
f 703/969/843 803/1017/843 806/1019/843
f 710/1020/843 806/1019/843 808/1021/843
f 712/1022/843 808/1021/843 811/1023/843
f 712/1022/843 813/1024/843 716/1025/843
f 720/970/843 813/1024/843 815/1026/843
f 724/1027/843 815/1026/843 817/1028/843
f 730/1029/843 817/1028/843 821/1030/843
f 732/1031/843 821/1030/843 822/1032/843
f 732/1031/843 825/1033/843 735/1034/843
f 741/1035/843 825/1033/843 826/1036/843
f 743/1037/843 826/1036/843 828/1038/843
f 749/1039/843 828/1038/843 831/1006/843
f 749/1039/843 833/1040/843 753/1041/843
f 753/1041/843 834/1042/843 757/1043/843
f 757/1043/843 839/1044/843 761/1045/843
f 761/1045/843 841/1046/843 765/1047/843
f 770/966/843 841/1046/843 842/1048/843
f 770/966/843 845/1049/843 772/1050/843
f 772/1050/843 847/1051/843 773/1052/843
f 773/1052/843 849/1005/843 776/1053/843
f 776/1053/843 850/1054/843 777/967/843
f 779/1055/843 850/1054/843 852/1056/843
f 779/1055/843 857/1057/843 782/1058/843
f 782/1058/843 859/1059/843 786/1060/843
f 786/1060/843 861/1061/843 789/1062/843
f 789/1062/843 791/1063/843 675/1007/843
f 791/1063/814 490/1008/815 792/1008/815
f 795/1004/816 490/1008/815 496/1004/816
f 795/1004/816 501/1011/817 797/1011/817
f 797/1011/817 508/1014/818 799/1014/818
f 800/1016/819 508/1014/818 516/1016/819
f 800/1016/819 522/1017/820 803/1017/820
f 803/1017/820 528/1019/821 806/1019/821
f 808/1021/134 528/1019/821 534/1021/134
f 808/1021/134 540/1023/822 811/1023/822
f 813/1024/823 540/1023/822 544/1024/823
f 815/1026/824 544/1024/823 551/1026/824
f 815/1026/824 558/1028/825 817/1028/825
f 821/1030/826 558/1028/825 563/1030/826
f 821/1030/826 569/1032/827 822/1032/827
f 822/1032/827 574/1033/828 825/1033/828
f 826/1036/829 574/1033/828 581/1036/829
f 828/1038/830 581/1036/829 588/1038/830
f 831/1006/831 588/1038/830 593/1006/831
f 833/1040/846 593/1006/831 600/1040/846
f 833/1040/846 605/1042/833 834/1042/833
f 834/1042/833 611/1044/834 839/1044/834
f 841/1046/835 611/1044/834 617/1046/835
f 841/1046/835 623/1048/836 842/1048/836
f 845/1049/365 623/1048/836 630/1049/365
f 845/1049/365 636/1051/837 847/1051/837
f 849/1005/838 636/1051/837 641/1005/838
f 850/1054/839 641/1005/838 647/1054/839
f 852/1056/840 647/1054/839 653/1056/840
f 852/1056/840 659/1057/849 857/1057/841
f 857/1057/841 666/1059/842 859/1059/842
f 859/1059/842 669/1061/844 861/1061/844
f 861/1061/844 485/1063/814 791/1063/814
f 1267/1/1 495/2/2 498/3/3
f 492/4/4 513/5/5 1273/6/6
f 483/7/7 498/3/3 499/8/8
f 1273/6/6 515/9/9 493/10/10
f 1269/11/11 499/8/8 502/12/12
f 493/10/10 518/13/13 1274/14/14
f 1269/11/11 504/16/16 486/15/15
f 1274/14/14 519/17/17 1277/18/18
f 1271/19/19 504/16/16 506/20/20
f 1277/18/18 521/21/21 1279/22/22
f 1271/19/19 507/24/24 488/23/23
f 1279/22/22 523/25/25 1280/26/26
f 488/23/23 509/27/27 489/28/28
f 1265/29/29 645/30/30 495/2/2
f 956/31/31 1280/26/26 523/25/25
f 489/28/28 512/32/32 492/4/4
f 495/2/2 645/33/30 525/34/33
f 956/35/31 523/25/25 553/36/34
f 509/27/27 542/37/35 512/32/32
f 495/2/2 527/38/36 498/3/3
f 512/32/32 543/39/37 513/5/5
f 498/3/3 530/40/38 499/8/8
f 515/9/9 543/39/37 545/41/39
f 499/8/8 532/42/40 502/12/12
f 515/9/9 548/43/41 518/13/13
f 502/12/12 533/44/42 504/16/16
f 519/17/17 548/43/41 549/45/43
f 504/16/16 536/46/44 506/20/20
f 521/21/21 549/45/43 552/47/45
f 506/20/20 537/48/46 507/24/24
f 523/25/25 552/47/45 553/36/34
f 509/27/27 537/48/46 539/49/47
f 532/42/40 564/50/48 533/44/42
f 549/45/43 578/51/49 580/52/50
f 533/44/42 566/53/51 536/46/44
f 549/45/43 582/54/52 552/47/45
f 537/48/46 566/53/51 567/55/53
f 552/47/45 584/56/54 553/36/34
f 539/49/47 567/55/53 570/57/55
f 525/34/33 645/58/30 555/59/56
f 956/60/31 553/36/34 584/56/54
f 539/49/47 572/61/57 542/37/35
f 527/38/36 555/59/56 557/62/58
f 543/39/37 572/61/57 573/63/59
f 530/40/38 557/62/58 559/64/60
f 545/41/39 573/63/59 575/65/61
f 532/42/40 559/64/60 561/66/62
f 545/41/39 578/51/49 548/43/41
f 570/57/55 601/67/63 572/61/57
f 555/59/56 587/68/64 557/62/58
f 572/61/57 603/69/65 573/63/59
f 557/62/58 590/70/66 559/64/60
f 575/65/61 603/69/65 606/71/67
f 559/64/60 591/72/68 561/66/62
f 575/65/61 608/73/69 578/51/49
f 564/50/48 591/72/68 594/74/70
f 580/52/50 608/73/69 610/75/71
f 564/50/48 595/76/72 566/53/51
f 580/52/50 612/77/73 582/54/52
f 566/53/51 597/78/74 567/55/53
f 584/56/54 612/77/73 614/79/75
f 570/57/55 597/78/74 599/80/76
f 555/59/56 645/81/30 585/82/77
f 956/83/31 584/56/54 614/79/75
f 608/73/69 639/84/78 610/75/71
f 594/74/70 626/85/79 595/76/72
f 612/77/73 639/84/78 642/86/80
f 597/78/74 626/85/79 627/87/81
f 612/77/73 644/88/82 614/79/75
f 599/80/76 627/87/81 629/89/83
f 585/82/77 645/90/30 615/91/84
f 956/92/31 614/79/75 644/88/82
f 599/80/76 632/93/85 601/67/63
f 585/82/77 618/94/86 587/68/64
f 601/67/63 634/95/87 603/69/65
f 590/70/66 618/94/86 620/96/88
f 606/71/67 634/95/87 635/97/89
f 590/70/66 622/98/90 591/72/68
f 606/71/67 638/99/91 608/73/69
f 594/74/70 622/98/90 624/100/92
f 615/91/84 650/101/93 618/94/86
f 632/93/85 665/102/94 634/95/87
f 618/94/86 652/103/95 620/96/88
f 635/97/89 665/102/94 668/104/96
f 620/96/88 654/105/97 622/98/90
f 635/97/89 670/106/98 638/99/91
f 624/100/92 654/105/97 656/107/99
f 638/99/91 671/108/100 639/84/78
f 624/100/92 658/109/101 626/85/79
f 642/86/80 671/108/100 674/110/102
f 627/87/81 658/109/101 660/111/103
f 644/88/82 674/110/102 676/112/104
f 629/89/83 660/111/103 662/113/105
f 615/91/84 645/114/30 648/115/106
f 956/116/31 644/88/82 676/112/104
f 629/89/83 664/117/107 632/93/85
f 656/107/99 688/118/108 658/109/101
f 671/108/100 704/120/110 674/110/102
f 660/111/103 688/118/108 690/121/111
f 676/112/104 704/120/110 705/122/112
f 662/113/105 690/121/111 691/123/113
f 648/115/106 645/124/30 677/125/114
f 956/126/31 676/112/104 705/122/112
f 662/113/105 693/127/115 664/117/107
f 648/115/106 680/128/116 650/101/93
f 664/117/107 696/129/117 665/102/94
f 652/103/95 680/128/116 681/130/118
f 668/104/96 696/129/117 697/131/119
f 652/103/95 683/132/120 654/105/97
f 668/104/96 699/133/121 670/106/98
f 656/107/99 683/132/120 686/134/122
f 670/106/98 702/119/109 671/108/100
f 693/127/115 726/135/123 696/129/117
f 680/128/116 711/136/124 681/130/118
f 697/131/119 726/135/123 728/137/125
f 681/130/118 713/138/126 683/132/120
f 697/131/119 729/139/127 699/133/121
f 686/134/122 713/138/126 715/140/128
f 702/119/109 729/139/127 731/141/129
f 686/134/122 717/142/130 688/118/108
f 702/119/109 733/143/131 704/120/110
f 690/121/111 717/142/130 719/144/132
f 704/120/110 736/145/133 705/122/112
f 691/123/113 719/144/132 721/146/134
f 677/125/114 645/147/30 707/148/135
f 956/149/31 705/122/112 736/145/133
f 691/123/113 723/150/136 693/127/115
f 677/125/114 709/151/137 680/128/116
f 733/143/131 762/168/152 764/152/138
f 719/144/132 748/153/139 750/154/140
f 736/145/133 764/152/138 766/155/141
f 721/146/134 750/154/140 752/156/142
f 707/148/135 645/157/30 738/158/143
f 956/159/31 736/145/133 766/155/141
f 721/146/134 754/160/144 723/150/136
f 707/148/135 740/161/145 709/151/137
f 723/150/136 756/162/146 726/135/123
f 709/151/137 742/163/147 711/136/124
f 728/137/125 756/162/146 758/164/148
f 713/138/126 742/163/147 744/165/149
f 728/137/125 759/166/150 729/139/127
f 713/138/126 746/167/151 715/140/128
f 729/139/127 762/168/152 731/141/129
f 715/140/128 748/153/139 717/142/130
f 758/164/148 1366/1064/850 1369/1065/851
f 1341/1066/852 742/163/147 1342/1067/853
f 759/166/150 1369/1065/851 1360/1068/854
f 1340/1069/855 744/165/149 1341/1066/852
f 762/168/152 1360/1068/854 1361/1070/856
f 1367/1071/857 746/167/151 1340/1069/855
f 783/176/160 762/168/152 1361/1070/856
f 1365/1072/858 748/153/139 1367/1071/857
f 764/152/138 785/178/162 766/155/141
f 1363/1073/859 750/154/140 1365/1072/858
f 738/158/143 645/180/30 767/181/164
f 956/182/31 766/155/141 785/178/162
f 754/160/144 1363/1073/859 1364/1074/860
f 738/158/143 769/184/166 740/161/145
f 756/162/146 1364/1074/860 1366/1064/850
f 742/163/147 769/184/166 1336/1075/861
f 801/186/168 783/176/160 1358/1076/862
f 767/181/164 645/189/30 787/190/171
f 956/191/31 785/178/162 801/186/168
f 769/184/166 787/190/171 1338/1077/863
f 1336/1075/861 769/184/166 1337/1078/864
f 1358/1076/862 783/176/160 1362/1079/865
f 1368/1080/866 801/186/168 1359/1081/867
f 787/190/171 645/212/30 804/213/192
f 956/214/31 801/186/168 818/210/190
f 787/190/171 1339/1082/868 1338/1077/863
f 804/213/192 645/222/30 820/223/200
f 956/224/31 818/210/190 835/225/201
f 804/213/192 1343/1083/869 1339/1082/868
f 1354/1084/870 818/210/190 1368/1080/866
f 835/225/201 1355/1085/871 853/244/220
f 820/223/200 645/246/30 837/247/222
f 956/248/31 835/225/201 853/244/220
f 820/223/200 1333/1086/872 1343/1083/869
f 837/247/222 645/254/30 855/255/228
f 956/256/31 853/244/220 870/257/229
f 837/247/222 1334/1087/873 1333/1086/872
f 853/244/220 1353/1088/874 870/257/229
f 1356/1089/875 870/257/229 1353/1088/874
f 855/255/228 645/280/30 872/281/252
f 956/282/31 870/257/229 887/278/250
f 855/255/228 1332/1090/876 1334/1087/873
f 1332/1090/876 889/303/272 1335/1091/877
f 1356/1089/875 903/300/270 887/278/250
f 872/281/252 645/302/30 889/303/272
f 956/304/31 887/278/250 903/300/270
f 1351/1092/878 921/310/278 903/300/270
f 889/303/272 645/312/30 905/313/280
f 956/314/31 903/300/270 921/310/278
f 1335/1091/877 905/313/280 1331/1093/879
f 1352/1094/880 937/332/298 921/310/278
f 905/313/280 645/334/30 923/335/300
f 956/336/31 921/310/278 937/332/298
f 1331/1093/879 923/335/300 1330/1095/881
f 1357/1096/882 954/342/306 937/332/298
f 923/335/300 645/344/30 940/345/308
f 956/346/31 937/332/298 954/342/306
f 1330/1095/881 940/345/308 1329/1097/883
f 1349/1098/884 974/366/328 954/342/306
f 940/345/308 645/368/30 958/369/330
f 956/370/31 954/342/306 974/366/328
f 1329/1097/883 958/369/330 1326/1099/885
f 1346/1100/886 991/389/347 992/375/335
f 958/369/330 645/377/30 975/378/337
f 956/379/31 974/366/328 992/375/335
f 958/369/330 977/381/339 1327/1101/887
f 1327/1101/887 977/381/339 1328/1102/888
f 1347/1103/889 1348/1104/890 991/389/347
f 1320/1105/891 1014/391/349 1344/1106/892
f 999/406/362 1325/1107/893 1324/1108/894
f 1344/1106/892 1016/393/351 1345/1109/895
f 1000/392/350 1323/1110/896 1325/1107/893
f 1345/1109/895 1018/395/353 1350/1111/897
f 1002/394/352 1322/1112/898 1323/1110/896
f 1348/1104/890 1018/395/353 1020/397/355
f 1004/396/354 1321/1113/899 1322/1112/898
f 991/389/347 1023/399/357 992/375/335
f 1007/398/356 1318/1114/900 1321/1113/899
f 975/378/337 645/401/30 995/402/359
f 956/403/31 992/375/335 1023/399/357
f 1318/1114/900 1011/404/360 1319/1115/901
f 975/378/337 997/405/361 977/381/339
f 1319/1115/901 1013/390/348 1320/1105/891
f 977/381/339 999/406/362 1324/1108/894
f 1023/399/357 1050/423/377 1053/407/363
f 1009/400/358 1036/408/364 1039/409/365
f 995/402/359 645/410/30 1025/411/366
f 956/412/31 1023/399/357 1053/407/363
f 1009/400/358 1041/413/367 1011/404/360
f 995/402/359 1026/414/368 997/405/361
f 1011/404/360 1042/415/369 1013/390/348
f 997/405/361 1028/416/370 999/406/362
f 1014/391/349 1042/415/369 1045/417/371
f 999/406/362 1030/418/372 1000/392/350
f 1014/391/349 1046/419/373 1016/393/351
f 1002/394/352 1030/418/372 1032/420/374
f 1018/395/353 1046/419/373 1048/421/375
f 1002/394/352 1034/422/376 1004/396/354
f 1018/395/353 1050/423/377 1020/397/355
f 1007/398/356 1034/422/376 1036/408/364
f 1028/424/370 1060/425/378 1030/426/372
f 1045/427/371 1076/428/379 1046/429/373
f 1032/430/374 1060/425/378 1062/431/380
f 1048/432/375 1076/428/379 1079/433/381
f 1032/430/374 1064/434/382 1034/435/376
f 1048/432/375 1081/436/383 1050/437/377
f 1036/438/364 1064/434/382 1067/439/384
f 1050/437/377 1083/440/385 1053/441/363
f 1039/442/365 1067/439/384 1069/443/386
f 1025/444/366 645/445/30 1054/446/387
f 956/447/31 1053/441/363 1083/440/385
f 1039/442/365 1070/448/388 1041/449/367
f 1026/451/368 1054/446/387 1057/450/389
f 1041/449/367 1072/452/390 1042/453/369
f 1026/451/368 1059/454/391 1028/424/370
f 1045/427/371 1072/452/390 1074/455/392
f 1069/443/386 1096/456/393 1099/457/394
f 1054/446/387 645/458/30 1084/459/395
f 956/460/31 1083/440/385 1113/461/396
f 1069/443/386 1101/462/397 1070/448/388
f 1054/446/387 1086/463/398 1057/450/389
f 1070/448/388 1103/464/399 1072/452/390
f 1057/450/389 1088/465/400 1059/454/391
f 1074/455/392 1103/464/399 1105/466/401
f 1059/454/391 1091/467/402 1060/425/378
f 1074/455/392 1107/468/403 1076/428/379
f 1062/431/380 1091/467/402 1092/469/404
f 1079/433/381 1107/468/403 1109/470/405
f 1062/431/380 1095/471/406 1064/434/382
f 1079/433/381 1111/472/407 1081/436/383
f 1067/439/384 1095/471/406 1096/456/393
f 1081/436/383 1113/461/396 1083/440/385
f 1105/466/401 1137/473/408 1107/468/403
f 1092/469/404 1120/474/409 1122/475/410
f 1109/470/405 1137/473/408 1138/476/411
f 1092/469/404 1124/477/412 1095/471/406
f 1109/470/405 1140/478/413 1111/472/407
f 1096/456/393 1124/477/412 1126/479/414
f 1113/461/396 1140/478/413 1142/480/415
f 1099/457/394 1126/479/414 1128/481/416
f 1084/459/395 645/482/30 1115/483/417
f 956/484/31 1113/461/396 1142/480/415
f 1099/457/394 1131/485/418 1101/462/397
f 1084/459/395 1117/486/419 1086/463/398
f 1101/462/397 1133/487/420 1103/464/399
f 1086/463/398 1119/488/421 1088/465/400
f 1105/466/401 1133/487/420 1134/489/422
f 1088/465/400 1120/474/409 1091/467/402
f 956/490/31 1142/480/415 1172/491/423
f 1128/481/416 1161/492/424 1131/485/418
f 1115/483/417 1147/493/425 1117/486/419
f 1131/485/418 1162/494/426 1133/487/420
f 1119/488/421 1147/493/425 1149/495/427
f 1134/489/422 1162/494/426 1164/496/428
f 1119/488/421 1151/497/429 1120/474/409
f 1134/489/422 1166/498/430 1137/473/408
f 1122/475/410 1151/497/429 1153/499/431
f 1138/476/411 1166/498/430 1168/500/432
f 1122/475/410 1155/501/433 1124/477/412
f 1138/476/411 1170/502/434 1140/478/413
f 1126/479/414 1155/501/433 1157/503/435
f 1142/480/415 1170/502/434 1172/491/423
f 1128/481/416 1157/503/435 1159/504/436
f 1115/483/417 645/505/30 1145/506/437
f 1168/500/432 1197/507/438 1199/508/439
f 1153/499/431 1184/509/440 1155/501/433
f 1168/500/432 1201/510/441 1170/502/434
f 1157/503/435 1184/509/440 1186/511/442
f 1172/491/423 1201/510/441 1203/512/443
f 1159/504/436 1186/511/442 1189/513/444
f 1145/506/437 645/514/30 1175/515/445
f 956/516/31 1172/491/423 1203/512/443
f 1159/504/436 1190/517/446 1161/492/424
f 1145/506/437 1177/518/447 1147/493/425
f 1161/492/424 1193/519/448 1162/494/426
f 1149/495/427 1177/518/447 1179/520/449
f 1164/496/428 1193/519/448 1195/521/450
f 1149/495/427 1181/522/451 1151/497/429
f 1164/496/428 1197/507/438 1166/498/430
f 1153/499/431 1181/522/451 1182/523/452
f 1175/515/445 1206/525/454 1177/518/447
f 1190/517/446 1223/526/455 1193/519/448
f 1179/520/449 1206/525/454 1208/527/456
f 1195/521/450 1223/526/455 1225/528/457
f 1179/520/449 1211/529/458 1181/522/451
f 1195/521/450 1227/530/459 1197/507/438
f 1182/523/452 1211/529/458 1213/531/460
f 1199/508/439 1227/530/459 1229/532/461
f 1182/523/452 1215/533/462 1184/509/440
f 1199/508/439 1230/534/463 1201/510/441
f 1186/511/442 1215/533/462 1217/535/464
f 1201/510/441 1232/536/465 1203/512/443
f 1189/513/444 1217/535/464 1219/537/466
f 1175/515/445 645/538/30 1204/524/453
f 956/539/31 1203/512/443 1232/536/465
f 1189/513/444 1221/540/467 1190/517/446
f 1213/531/460 1244/541/468 1215/533/462
f 1229/532/461 1261/542/469 1230/534/463
f 1217/535/464 1244/541/468 1247/543/470
f 1232/536/465 1261/542/469 1262/544/471
f 1219/537/466 1247/543/470 1249/545/472
f 1204/524/453 645/546/30 1234/547/473
f 956/548/31 1232/536/465 1262/544/471
f 1219/537/466 1251/549/474 1221/540/467
f 1204/524/453 1237/550/475 1206/525/454
f 1221/540/467 1253/551/476 1223/526/455
f 1208/527/456 1237/550/475 1239/552/477
f 1225/528/457 1253/551/476 1255/553/478
f 1208/527/456 1241/554/479 1211/529/458
f 1225/528/457 1257/555/480 1227/530/459
f 1213/531/460 1241/554/479 1242/556/481
f 1229/532/461 1257/555/480 1258/557/482
f 1251/549/474 1273/6/6 1253/551/476
f 1239/552/477 1267/1/1 483/7/7
f 1253/551/476 493/10/10 1255/553/478
f 1241/554/479 483/7/7 1269/11/11
f 1255/553/478 1274/14/14 1257/555/480
f 1242/556/481 1269/11/11 486/15/15
f 1258/557/482 1274/14/14 1277/18/18
f 1244/541/468 486/15/15 1271/19/19
f 1258/557/482 1279/22/22 1261/542/469
f 1247/543/470 1271/19/19 488/23/23
f 1261/542/469 1280/26/26 1262/544/471
f 1249/545/472 488/23/23 489/28/28
f 1234/547/473 645/558/30 1265/29/29
f 956/559/31 1262/544/471 1280/26/26
f 1249/545/472 492/4/4 1251/549/474
f 1234/547/473 1267/1/1 1237/550/475
f 475/1/1 474/29/29 7/2/2
f 5/4/4 15/32/32 16/5/5
f 1/7/7 475/1/1 8/3/3
f 478/6/6 16/5/5 17/9/9
f 476/11/11 1/7/7 9/8/8
f 6/10/10 17/9/9 18/13/13
f 2/15/15 476/11/11 10/12/12
f 479/14/14 18/13/13 19/17/17
f 477/19/19 2/15/15 11/16/16
f 480/18/18 19/17/17 20/21/21
f 3/23/23 477/19/19 12/20/20
f 481/22/22 20/21/21 21/25/25
f 3/23/23 13/24/24 14/27/27
f 4/28/28 14/27/27 15/32/32
f 14/27/27 29/49/47 30/37/35
f 7/2/2 22/34/33 23/38/36
f 15/32/32 30/37/35 31/39/37
f 8/3/3 23/38/36 24/40/38
f 16/5/5 31/39/37 32/41/39
f 9/8/8 24/40/38 25/42/40
f 17/9/9 32/41/39 33/43/41
f 10/12/12 25/42/40 26/44/42
f 19/17/17 18/13/13 33/43/41
f 11/16/16 26/44/42 27/46/44
f 20/21/21 19/17/17 34/45/43
f 13/24/24 12/20/20 27/46/44
f 20/21/21 35/47/45 36/36/34
f 13/24/24 28/48/46 29/49/47
f 25/42/40 40/66/62 41/50/48
f 34/45/43 33/43/41 48/51/49
f 26/44/42 41/50/48 42/53/51
f 34/45/43 49/52/50 50/54/52
f 27/46/44 42/53/51 43/55/53
f 35/47/45 50/54/52 51/56/54
f 28/48/46 43/55/53 44/57/55
f 30/37/35 29/49/47 44/57/55
f 22/34/33 37/59/56 38/62/58
f 30/37/35 45/61/57 46/63/59
f 23/38/36 38/62/58 39/64/60
f 32/41/39 31/39/37 46/63/59
f 24/40/38 39/64/60 40/66/62
f 33/43/41 32/41/39 47/65/61
f 44/57/55 59/80/76 60/67/63
f 37/59/56 52/82/77 53/68/64
f 45/61/57 60/67/63 61/69/65
f 38/62/58 53/68/64 54/70/66
f 47/65/61 46/63/59 61/69/65
f 39/64/60 54/70/66 55/72/68
f 47/65/61 62/71/67 63/73/69
f 40/66/62 55/72/68 56/74/70
f 48/51/49 63/73/69 64/75/71
f 41/50/48 56/74/70 57/76/72
f 49/52/50 64/75/71 65/77/73
f 43/55/53 42/53/51 57/76/72
f 50/54/52 65/77/73 66/79/75
f 44/57/55 43/55/53 58/78/74
f 63/73/69 78/99/91 79/84/78
f 56/74/70 71/100/92 72/85/79
f 65/77/73 64/75/71 79/84/78
f 58/78/74 57/76/72 72/85/79
f 65/77/73 80/86/80 81/88/82
f 59/80/76 58/78/74 73/87/81
f 59/80/76 74/89/83 75/93/85
f 52/82/77 67/91/84 68/94/86
f 60/67/63 75/93/85 76/95/87
f 53/68/64 68/94/86 69/96/88
f 62/71/67 61/69/65 76/95/87
f 54/70/66 69/96/88 70/98/90
f 62/71/67 77/97/89 78/99/91
f 56/74/70 55/72/68 70/98/90
f 67/91/84 83/115/106 84/101/93
f 75/93/85 91/117/107 92/102/94
f 68/94/86 84/101/93 85/103/95
f 77/97/89 76/95/87 92/102/94
f 69/96/88 85/103/95 86/105/97
f 77/97/89 93/104/96 94/106/98
f 71/100/92 70/98/90 86/105/97
f 78/99/91 94/106/98 95/108/100
f 71/100/92 87/107/99 88/109/101
f 79/84/78 95/108/100 96/110/102
f 73/87/81 72/85/79 88/109/101
f 81/88/82 80/86/80 96/110/102
f 74/89/83 73/87/81 89/111/103
f 74/89/83 90/113/105 91/117/107
f 87/107/99 102/134/122 103/118/108
f 96/110/102 95/108/100 110/119/109
f 89/111/103 88/109/101 103/118/108
f 96/110/102 111/120/110 112/122/112
f 90/113/105 89/111/103 104/121/111
f 90/113/105 105/123/113 106/127/115
f 84/101/93 83/115/106 98/125/114
f 91/117/107 106/127/115 107/129/117
f 84/101/93 99/128/116 100/130/118
f 93/104/96 92/102/94 107/129/117
f 85/103/95 100/130/118 101/132/120
f 93/104/96 108/131/119 109/133/121
f 87/107/99 86/105/97 101/132/120
f 95/108/100 94/106/98 109/133/121
f 106/127/115 121/150/136 122/135/123
f 99/128/116 114/151/137 115/136/124
f 108/131/119 107/129/117 122/135/123
f 100/130/118 115/136/124 116/138/126
f 108/131/119 123/137/125 124/139/127
f 102/134/122 101/132/120 116/138/126
f 110/119/109 109/133/121 124/139/127
f 102/134/122 117/140/128 118/142/130
f 110/119/109 125/141/129 126/143/131
f 104/121/111 103/118/108 118/142/130
f 111/120/110 126/143/131 127/145/133
f 105/123/113 104/121/111 119/144/132
f 105/123/113 120/146/134 121/150/136
f 99/128/116 98/125/114 113/148/135
f 125/141/129 140/168/152 141/152/138
f 119/144/132 118/142/130 133/153/139
f 126/143/131 141/152/138 142/155/141
f 120/146/134 119/144/132 134/154/140
f 120/146/134 135/156/142 136/160/144
f 113/148/135 128/158/143 129/161/145
f 121/150/136 136/160/144 137/162/146
f 114/151/137 129/161/145 130/163/147
f 123/137/125 122/135/123 137/162/146
f 115/136/124 130/163/147 131/165/149
f 123/137/125 138/164/148 139/166/150
f 117/140/128 116/138/126 131/165/149
f 125/141/129 124/139/127 139/166/150
f 117/140/128 132/167/151 133/153/139
f 138/164/148 137/162/146 152/169/153
f 130/163/147 145/185/167 146/171/155
f 138/164/148 153/170/154 154/172/156
f 132/167/151 131/165/149 146/171/155
f 140/168/152 139/166/150 154/172/156
f 132/167/151 147/173/157 148/175/159
f 140/168/152 155/174/158 156/176/160
f 134/154/140 133/153/139 148/175/159
f 142/155/141 141/152/138 156/176/160
f 135/156/142 134/154/140 149/177/161
f 135/156/142 150/179/163 151/183/165
f 128/158/143 143/181/164 144/184/166
f 136/160/144 151/183/165 152/169/153
f 130/163/147 129/161/145 144/184/166
f 156/176/160 171/202/182 172/186/168
f 150/179/163 149/177/161 164/187/169
f 150/179/163 165/188/170 166/192/172
f 143/181/164 158/190/171 159/193/173
f 151/183/165 166/192/172 167/194/174
f 145/185/167 144/184/166 159/193/173
f 153/170/154 152/169/153 167/194/174
f 145/185/167 160/195/175 161/197/177
f 153/170/154 168/196/176 169/198/178
f 147/173/157 146/171/155 161/197/177
f 155/174/158 154/172/156 169/198/178
f 147/173/157 162/199/179 163/201/181
f 155/174/158 170/200/180 171/202/182
f 149/177/161 148/175/159 163/201/181
f 160/195/175 175/218/196 176/203/183
f 168/196/176 183/219/197 184/204/184
f 162/199/179 161/197/177 176/203/183
f 169/198/178 184/204/184 185/206/186
f 162/199/179 177/205/185 178/207/187
f 171/202/182 170/200/180 185/206/186
f 164/187/169 163/201/181 178/207/187
f 172/186/168 171/202/182 186/208/188
f 165/188/170 164/187/169 179/209/189
f 165/188/170 180/211/191 181/215/193
f 158/190/171 173/213/192 174/216/194
f 166/192/172 181/215/193 182/217/195
f 159/193/173 174/216/194 175/218/196
f 168/196/176 167/194/174 182/217/195
f 180/211/191 179/209/189 194/220/198
f 180/211/191 195/221/199 196/226/202
f 174/216/194 173/213/192 188/223/200
f 181/215/193 196/226/202 197/228/204
f 175/218/196 174/216/194 189/227/203
f 183/219/197 182/217/195 197/228/204
f 175/218/196 190/229/205 191/231/207
f 183/219/197 198/230/206 199/232/208
f 177/205/185 176/203/183 191/231/207
f 185/206/186 184/204/184 199/232/208
f 177/205/185 192/233/209 193/235/211
f 185/206/186 200/234/210 201/236/212
f 179/209/189 178/207/187 193/235/211
f 186/208/188 201/236/212 202/225/201
f 198/230/206 213/253/227 214/237/213
f 192/233/209 191/231/207 206/238/214
f 200/234/210 199/232/208 214/237/213
f 192/233/209 207/239/215 208/241/217
f 200/234/210 215/240/216 216/242/218
f 194/220/198 193/235/211 208/241/217
f 201/236/212 216/242/218 217/244/220
f 195/221/199 194/220/198 209/243/219
f 195/221/199 210/245/221 211/249/223
f 188/223/200 203/247/222 204/250/224
f 196/226/202 211/249/223 212/251/225
f 189/227/203 204/250/224 205/252/226
f 198/230/206 197/228/204 212/251/225
f 190/229/205 205/252/226 206/238/214
f 210/245/221 225/270/242 226/258/230
f 203/247/222 218/255/228 219/259/231
f 211/249/223 226/258/230 227/260/232
f 204/250/224 219/259/231 220/261/233
f 213/253/227 212/251/225 227/260/232
f 205/252/226 220/261/233 221/263/235
f 213/253/227 228/262/234 229/264/236
f 207/239/215 206/238/214 221/263/235
f 215/240/216 214/237/213 229/264/236
f 207/239/215 222/265/237 223/267/239
f 215/240/216 230/266/238 231/268/240
f 209/243/219 208/241/217 223/267/239
f 216/242/218 231/268/240 232/257/229
f 210/245/221 209/243/219 224/269/241
f 222/265/237 221/263/235 236/271/243
f 230/266/238 229/264/236 244/273/245
f 222/265/237 237/272/244 238/275/247
f 230/266/238 245/274/246 246/276/248
f 224/269/241 223/267/239 238/275/247
f 232/257/229 231/268/240 246/276/248
f 225/270/242 224/269/241 239/277/249
f 225/270/242 240/279/251 241/283/253
f 218/255/228 233/281/252 234/284/254
f 226/258/230 241/283/253 242/285/255
f 220/261/233 219/259/231 234/284/254
f 228/262/234 227/260/232 242/285/255
f 220/261/233 235/286/256 236/271/243
f 228/262/234 243/287/257 244/273/245
f 240/279/251 255/301/271 256/288/258
f 233/281/252 248/303/272 249/289/259
f 241/283/253 256/288/258 257/290/260
f 234/284/254 249/289/259 250/291/261
f 243/287/257 242/285/255 257/290/260
f 235/286/256 250/291/261 251/293/263
f 243/287/257 258/292/262 259/294/264
f 237/272/244 236/271/243 251/293/263
f 245/274/246 244/273/245 259/294/264
f 237/272/244 252/295/265 253/297/267
f 245/274/246 260/296/266 261/298/268
f 239/277/249 238/275/247 253/297/267
f 246/276/248 261/298/268 262/300/270
f 240/279/251 239/277/249 254/299/269
f 260/296/266 259/294/264 274/305/273
f 252/295/265 267/321/287 268/307/275
f 260/296/266 275/306/274 276/308/276
f 254/299/269 253/297/267 268/307/275
f 261/298/268 276/308/276 277/310/278
f 255/301/271 254/299/269 269/309/277
f 255/301/271 270/311/279 271/315/281
f 249/289/259 248/303/272 263/313/280
f 256/288/258 271/315/281 272/317/283
f 249/289/259 264/316/282 265/318/284
f 258/292/262 257/290/260 272/317/283
f 250/291/261 265/318/284 266/320/286
f 258/292/262 273/319/285 274/305/273
f 252/295/265 251/293/263 266/320/286
f 271/315/281 286/337/301 287/322/288
f 264/316/282 279/338/302 280/323/289
f 273/319/285 272/317/283 287/322/288
f 265/318/284 280/323/289 281/325/291
f 273/319/285 288/324/290 289/326/292
f 267/321/287 266/320/286 281/325/291
f 275/306/274 274/305/273 289/326/292
f 267/321/287 282/327/293 283/329/295
f 275/306/274 290/328/294 291/330/296
f 269/309/277 268/307/275 283/329/295
f 277/310/278 276/308/276 291/330/296
f 270/311/279 269/309/277 284/331/297
f 270/311/279 285/333/299 286/337/301
f 264/316/282 263/313/280 278/335/300
f 290/328/294 305/355/317 306/339/303
f 284/331/297 283/329/295 298/340/304
f 292/332/298 291/330/296 306/339/303
f 285/333/299 284/331/297 299/341/305
f 285/333/299 300/343/307 301/347/309
f 278/335/300 293/345/308 294/348/310
f 286/337/301 301/347/309 302/349/311
f 279/338/302 294/348/310 295/350/312
f 288/324/290 287/322/288 302/349/311
f 280/323/289 295/350/312 296/352/314
f 288/324/290 303/351/313 304/353/315
f 282/327/293 281/325/291 296/352/314
f 290/328/294 289/326/292 304/353/315
f 282/327/293 297/354/316 298/340/304
f 294/348/310 310/372/332 311/356/318
f 303/351/313 302/349/311 318/357/319
f 295/350/312 311/356/318 312/359/321
f 303/351/313 319/358/320 320/360/322
f 297/354/316 296/352/314 312/359/321
f 305/355/317 304/353/315 320/360/322
f 297/354/316 313/361/323 314/363/325
f 305/355/317 321/362/324 322/364/326
f 299/341/305 298/340/304 314/363/325
f 306/339/303 322/364/326 323/366/328
f 300/343/307 299/341/305 315/365/327
f 300/343/307 316/367/329 317/371/331
f 293/345/308 309/369/330 310/372/332
f 301/347/309 317/371/331 318/357/319
f 315/365/327 314/363/325 329/373/333
f 322/364/326 337/389/347 338/375/335
f 316/367/329 315/365/327 330/374/334
f 316/367/329 331/376/336 332/380/338
f 309/369/330 324/378/337 325/381/339
f 317/371/331 332/380/338 333/382/340
f 310/372/332 325/381/339 326/383/341
f 319/358/320 318/357/319 333/382/340
f 311/356/318 326/383/341 327/385/343
f 319/358/320 334/384/342 335/386/344
f 312/359/321 327/385/343 328/387/345
f 321/362/324 320/360/322 335/386/344
f 313/361/323 328/387/345 329/373/333
f 321/362/324 336/388/346 337/389/347
f 334/384/342 333/382/340 348/390/348
f 326/383/341 341/406/362 342/392/350
f 334/384/342 349/391/349 350/393/351
f 328/387/345 327/385/343 342/392/350
f 336/388/346 335/386/344 350/393/351
f 328/387/345 343/394/352 344/396/354
f 336/388/346 351/395/353 352/397/355
f 330/374/334 329/373/333 344/396/354
f 337/389/347 352/397/355 353/399/357
f 331/376/336 330/374/334 345/398/356
f 331/376/336 346/400/358 347/404/360
f 324/378/337 339/402/359 340/405/361
f 332/380/338 347/404/360 348/390/348
f 325/381/339 340/405/361 341/406/362
f 352/397/355 367/423/377 368/407/363
f 346/400/358 345/398/356 360/408/364
f 346/400/358 361/409/365 362/413/367
f 339/402/359 354/411/366 355/414/368
f 347/404/360 362/413/367 363/415/369
f 341/406/362 340/405/361 355/414/368
f 349/391/349 348/390/348 363/415/369
f 341/406/362 356/416/370 357/418/372
f 349/391/349 364/417/371 365/419/373
f 343/394/352 342/392/350 357/418/372
f 351/395/353 350/393/351 365/419/373
f 343/394/352 358/420/374 359/422/376
f 351/395/353 366/421/375 367/423/377
f 345/398/356 344/396/354 359/422/376
f 356/424/370 371/454/391 372/425/378
f 364/427/371 379/455/392 380/428/379
f 358/430/374 357/426/372 372/425/378
f 366/432/375 365/429/373 380/428/379
f 358/430/374 373/431/380 374/434/382
f 366/432/375 381/433/381 382/436/383
f 360/438/364 359/435/376 374/434/382
f 367/437/377 382/436/383 383/440/385
f 361/442/365 360/438/364 375/439/384
f 361/442/365 376/443/386 377/448/388
f 354/444/366 369/446/387 370/450/389
f 362/449/367 377/448/388 378/452/390
f 356/424/370 355/451/368 370/450/389
f 364/427/371 363/453/369 378/452/390
f 376/443/386 375/439/384 390/456/393
f 376/443/386 391/457/394 392/462/397
f 369/446/387 384/459/395 385/463/398
f 377/448/388 392/462/397 393/464/399
f 371/454/391 370/450/389 385/463/398
f 379/455/392 378/452/390 393/464/399
f 371/454/391 386/465/400 387/467/402
f 379/455/392 394/466/401 395/468/403
f 373/431/380 372/425/378 387/467/402
f 381/433/381 380/428/379 395/468/403
f 373/431/380 388/469/404 389/471/406
f 381/433/381 396/470/405 397/472/407
f 375/439/384 374/434/382 389/471/406
f 382/436/383 397/472/407 398/461/396
f 394/466/401 409/489/422 410/473/408
f 388/469/404 387/467/402 402/474/409
f 396/470/405 395/468/403 410/473/408
f 388/469/404 403/475/410 404/477/412
f 397/472/407 396/470/405 411/476/411
f 390/456/393 389/471/406 404/477/412
f 397/472/407 412/478/413 413/480/415
f 391/457/394 390/456/393 405/479/414
f 391/457/394 406/481/416 407/485/418
f 385/463/398 384/459/395 399/483/417
f 392/462/397 407/485/418 408/487/420
f 385/463/398 400/486/419 401/488/421
f 394/466/401 393/464/399 408/487/420
f 386/465/400 401/488/421 402/474/409
f 406/481/416 421/504/436 422/492/424
f 399/483/417 414/506/437 415/493/425
f 407/485/418 422/492/424 423/494/426
f 401/488/421 400/486/419 415/493/425
f 409/489/422 408/487/420 423/494/426
f 401/488/421 416/495/427 417/497/429
f 409/489/422 424/496/428 425/498/430
f 403/475/410 402/474/409 417/497/429
f 411/476/411 410/473/408 425/498/430
f 403/475/410 418/499/431 419/501/433
f 411/476/411 426/500/432 427/502/434
f 405/479/414 404/477/412 419/501/433
f 412/478/413 427/502/434 428/491/423
f 406/481/416 405/479/414 420/503/435
f 426/500/432 425/498/430 440/507/438
f 418/499/431 433/523/452 434/509/440
f 426/500/432 441/508/439 442/510/441
f 420/503/435 419/501/433 434/509/440
f 427/502/434 442/510/441 443/512/443
f 421/504/436 420/503/435 435/511/442
f 421/504/436 436/513/444 437/517/446
f 414/506/437 429/515/445 430/518/447
f 422/492/424 437/517/446 438/519/448
f 416/495/427 415/493/425 430/518/447
f 424/496/428 423/494/426 438/519/448
f 416/495/427 431/520/449 432/522/451
f 424/496/428 439/521/450 440/507/438
f 418/499/431 417/497/429 432/522/451
f 430/518/447 429/515/445 444/524/453
f 437/517/446 452/540/467 453/526/455
f 430/518/447 445/525/454 446/527/456
f 439/521/450 438/519/448 453/526/455
f 431/520/449 446/527/456 447/529/458
f 439/521/450 454/528/457 455/530/459
f 433/523/452 432/522/451 447/529/458
f 441/508/439 440/507/438 455/530/459
f 433/523/452 448/531/460 449/533/462
f 441/508/439 456/532/461 457/534/463
f 435/511/442 434/509/440 449/533/462
f 442/510/441 457/534/463 458/536/465
f 436/513/444 435/511/442 450/535/464
f 436/513/444 451/537/466 452/540/467
f 448/531/460 463/556/481 464/541/468
f 456/532/461 471/557/482 472/542/469
f 450/535/464 449/533/462 464/541/468
f 458/536/465 457/534/463 472/542/469
f 451/537/466 450/535/464 465/543/470
f 451/537/466 466/545/472 467/549/474
f 444/524/453 459/547/473 460/550/475
f 452/540/467 467/549/474 468/551/476
f 446/527/456 445/525/454 460/550/475
f 454/528/457 453/526/455 468/551/476
f 446/527/456 461/552/477 462/554/479
f 454/528/457 469/553/478 470/555/480
f 448/531/460 447/529/458 462/554/479
f 456/532/461 455/530/459 470/555/480
f 467/549/474 5/4/4 478/6/6
f 461/552/477 460/550/475 475/1/1
f 468/551/476 478/6/6 6/10/10
f 462/554/479 461/552/477 1/7/7
f 469/553/478 6/10/10 479/14/14
f 463/556/481 462/554/479 476/11/11
f 471/557/482 470/555/480 479/14/14
f 464/541/468 463/556/481 2/15/15
f 471/557/482 480/18/18 481/22/22
f 465/543/470 464/541/468 477/19/19
f 472/542/469 481/22/22 482/26/26
f 466/545/472 465/543/470 3/23/23
f 466/545/472 4/28/28 5/4/4
f 460/550/475 459/547/473 474/29/29
f 883/1116/251 886/613/502 556/560/483
f 505/1117/486 925/1118/500 922/1119/251
f 505/1117/486 922/1119/251 920/1120/251
f 885/1121/251 883/1116/251 556/560/483
f 882/1122/251 885/1121/251 556/560/483
f 505/1117/486 920/1120/251 912/1123/251
f 505/1117/486 912/1123/251 913/1124/251
f 880/1125/251 882/1122/251 556/560/483
f 879/1126/251 880/1125/251 556/560/483
f 505/1117/486 913/1124/251 915/1127/251
f 505/1117/486 915/1127/251 916/1128/251
f 918/1129/251 879/1126/251 556/560/483
f 910/1130/251 918/1129/251 556/560/483
f 556/560/483 505/1117/486 916/1128/251
f 556/560/483 916/1128/251 907/561/251
f 909/562/251 910/1130/251 556/560/483
f 934/1131/251 926/1132/500 812/563/484
f 851/596/493 891/1133/502 890/1134/251
f 851/596/493 890/1134/251 893/1135/251
f 931/1136/251 934/1131/251 812/563/484
f 929/1137/251 931/1136/251 812/563/484
f 851/596/493 893/1135/251 906/1138/251
f 851/596/493 906/1138/251 902/1139/251
f 932/1140/251 929/1137/251 812/563/484
f 928/1141/251 932/1140/251 812/563/484
f 851/596/493 902/1139/251 901/1142/251
f 851/596/493 901/1142/251 898/1143/251
f 899/1144/251 928/1141/251 812/563/484
f 896/1145/251 899/1144/251 812/563/484
f 812/563/484 851/596/493 898/1143/251
f 812/563/484 898/1143/251 897/564/251
f 894/565/251 896/1145/251 812/563/484
f 867/566/134 856/608/134 809/567/134
f 700/569/30 577/1146/30 832/570/30
f 604/572/365 751/591/365 661/573/365
f 1341/1147/28 1342/1148/28 869/615/28
f 863/575/28 1361/1149/28 1360/1150/28
f 863/575/28 1360/1150/28 1369/1151/28
f 1341/1147/28 869/615/28 863/575/28
f 1340/1152/28 1341/1147/28 863/575/28
f 863/575/28 1369/1151/28 1366/1153/28
f 863/575/28 1366/1153/28 1364/1154/28
f 1367/1155/28 1340/1152/28 863/575/28
f 1365/577/28 1367/1155/28 863/575/28
f 863/575/28 1364/1154/28 1363/576/28
f 1362/1156/28 1361/1149/28 863/575/28
f 869/615/28 1342/1148/28 1336/1157/28
f 869/615/28 1336/1157/28 1337/1158/28
f 1358/1159/28 1362/1156/28 863/575/28
f 1359/1160/28 1358/1159/28 863/575/28
f 727/614/28 869/615/28 1337/1158/28
f 727/614/28 1337/1158/28 1338/1161/28
f 1359/1160/28 863/575/28 672/578/28
f 1368/1162/28 1359/1160/28 672/578/28
f 727/614/28 1338/1161/28 1339/1163/28
f 727/614/28 1339/1163/28 1343/1164/28
f 1354/1165/28 1368/1162/28 672/578/28
f 1355/1166/28 1354/1165/28 672/578/28
f 727/614/28 1343/1164/28 1333/1167/28
f 727/614/28 1333/1167/28 1334/1168/28
f 1353/1169/28 1355/1166/28 672/578/28
f 1356/1170/28 1353/1169/28 672/578/28
f 727/614/28 1334/1168/28 1332/1171/28
f 727/614/28 1332/1171/28 1335/1172/28
f 1351/1173/28 1356/1170/28 672/578/28
f 1352/1174/28 1351/1173/28 672/578/28
f 727/614/28 1335/1172/28 1331/1175/28
f 727/614/28 1331/1175/28 1330/1176/28
f 1357/1177/28 1352/1174/28 672/578/28
f 1349/1178/28 1357/1177/28 672/578/28
f 727/614/28 1330/1176/28 1329/1179/28
f 727/614/28 1329/1179/28 1326/1180/28
f 1346/1181/28 1349/1178/28 672/578/28
f 1347/1182/28 1346/1181/28 672/578/28
f 727/614/28 1326/1180/28 1327/1183/28
f 727/614/28 1327/1183/28 1328/1184/28
f 1348/1185/28 1347/1182/28 672/578/28
f 1350/1186/28 1348/1185/28 672/578/28
f 727/614/28 1328/1184/28 1324/1187/28
f 727/614/28 1324/1187/28 1325/1188/28
f 1345/1189/28 1350/1186/28 672/578/28
f 1344/1190/28 1345/1189/28 672/578/28
f 672/578/28 727/614/28 1325/1188/28
f 672/578/28 1325/1188/28 1323/1191/28
f 1320/1192/28 1344/1190/28 672/578/28
f 1319/1193/28 1320/1192/28 672/578/28
f 672/578/28 1323/1191/28 1322/1194/28
f 672/578/28 1322/1194/28 1321/579/28
f 1318/580/28 1319/1193/28 672/578/28
f 491/581/495 535/583/495 661/587/495
f 556/584/483 604/572/489 535/574/487
f 700/589/496 751/591/496 604/572/496
f 874/605/28 661/573/28 751/591/28
f 625/586/28 874/588/28 875/599/28
f 866/601/28 877/603/28 873/606/28
f 864/568/28 875/616/28 877/603/28
f 860/598/497 864/568/497 809/567/497
f 832/570/498 856/608/498 867/566/498
f 812/563/484 809/567/491 856/608/494
f 935/609/499 925/1195/500 505/582/486
f 505/582/486 491/581/485 778/592/490
f 778/592/490 812/594/484 926/610/500
f 935/609/499 505/582/486 778/592/490
f 936/611/501 891/1133/502 851/596/493
f 851/596/493 832/595/492 577/612/488
f 577/612/488 556/560/483 886/613/502
f 936/611/501 851/596/493 577/612/488
f 860/598/31 778/592/31 491/581/31
f 672/578/503 874/605/503 873/606/503
f 863/575/504 875/616/504 874/605/504
f 727/614/505 873/606/505 877/603/505
f 869/615/506 877/603/506 875/616/506
f 936/619/509 939/708/598 941/617/507
f 941/617/507 890/1196/902 891/618/508
f 893/621/511 890/1196/902 941/617/507
f 944/620/510 943/622/512 893/621/511
f 906/624/514 893/621/511 943/622/512
f 947/623/513 946/627/517 906/624/514
f 950/625/515 949/630/520 902/626/516
f 902/626/516 906/624/514 946/627/517
f 953/628/518 952/633/523 901/629/519
f 901/629/519 902/626/516 949/630/520
f 959/631/521 957/636/526 898/632/522
f 898/632/522 901/629/519 952/633/523
f 962/634/524 961/639/529 897/635/525
f 897/635/525 898/632/522 957/636/526
f 965/637/527 964/642/532 894/638/528
f 894/638/528 897/635/525 961/639/529
f 968/640/530 967/645/535 896/641/531
f 896/641/531 894/638/528 964/642/532
f 971/643/533 970/648/538 899/644/534
f 899/644/534 896/641/531 967/645/535
f 978/646/536 973/651/541 928/647/537
f 928/647/537 899/644/534 970/648/538
f 981/649/539 979/654/544 932/650/540
f 932/650/540 928/647/537 973/651/541
f 983/652/542 982/657/547 929/653/543
f 929/653/543 932/650/540 979/654/544
f 986/655/545 985/660/550 931/656/546
f 931/656/546 929/653/543 982/657/547
f 990/658/548 988/663/553 934/659/549
f 934/659/549 931/656/546 985/660/550
f 993/661/551 996/665/555 935/1197/903
f 926/662/552 934/659/549 988/663/553
f 993/661/551 935/1197/903 926/662/552
f 998/668/558 922/1198/904 925/664/554
f 925/664/554 935/1197/903 996/665/555
f 1003/666/556 998/668/558 925/664/554
f 1008/669/559 1005/671/561 920/667/557
f 920/667/557 922/1198/904 998/668/558
f 1010/672/562 1012/674/564 912/670/560
f 912/670/560 920/667/557 1005/671/561
f 1019/675/565 1017/677/567 913/673/563
f 913/673/563 912/670/560 1012/674/564
f 1024/678/568 1022/680/570 915/676/566
f 915/676/566 913/673/563 1017/677/567
f 1029/681/571 1027/683/573 916/679/569
f 916/679/569 915/676/566 1022/680/570
f 1033/684/574 1031/686/576 907/682/572
f 907/682/572 916/679/569 1027/683/573
f 1037/687/577 1035/689/579 909/685/575
f 909/685/575 907/682/572 1031/686/576
f 1038/690/580 1040/692/582 910/688/578
f 910/688/578 909/685/575 1035/689/579
f 1043/693/583 1044/695/585 918/691/581
f 918/691/581 910/688/578 1040/692/582
f 1047/696/586 1049/698/588 879/694/584
f 879/694/584 918/691/581 1044/695/585
f 1051/699/589 1052/701/591 880/697/587
f 880/697/587 879/694/584 1049/698/588
f 1055/702/592 1056/1199/634 882/700/590
f 882/700/590 880/697/587 1052/701/591
f 1058/704/594 885/705/595 882/700/590
f 882/700/590 1056/1199/634 1061/703/593
f 1063/707/597 883/710/600 885/705/595
f 885/705/595 1058/704/594 1065/706/596
f 883/710/600 1063/707/597 939/708/598
f 939/708/598 936/619/509 886/709/599
f 1071/711/601 1073/1200/905 944/1201/510
f 941/712/507 939/1202/598 1068/1203/30
f 1071/711/601 944/1201/510 941/712/507
f 941/712/507 1068/1203/30 1066/713/602
f 1077/714/603 1078/718/605 947/1204/513
f 943/715/512 944/1201/510 1073/1200/905
f 1077/714/603 947/1204/513 943/715/512
f 943/715/512 1073/1200/905 1075/716/604
f 946/717/517 947/1204/513 1078/718/605
f 1078/718/605 1080/721/606 950/719/515
f 1082/722/607 953/1205/518 949/720/520
f 949/720/520 950/719/515 1080/721/606
f 1082/722/607 1085/727/608 959/723/521
f 952/724/523 953/1205/518 1082/722/607
f 1085/727/608 1087/730/609 962/725/524
f 957/726/526 959/723/521 1085/727/608
f 1087/730/609 1089/733/610 965/728/527
f 961/729/529 962/725/524 1087/730/609
f 1089/733/610 1090/736/134 968/731/530
f 964/732/532 965/728/527 1089/733/610
f 1090/736/134 1093/739/611 971/734/533
f 967/735/535 968/731/530 1090/736/134
f 1093/739/611 1094/742/612 978/737/536
f 970/738/538 971/734/533 1093/739/611
f 1094/742/612 1097/745/613 981/740/539
f 973/741/541 978/737/536 1094/742/612
f 1097/745/613 1098/748/614 983/743/542
f 979/744/544 981/740/539 1097/745/613
f 1098/748/614 1100/750/615 986/746/545
f 982/747/547 983/743/542 1098/748/614
f 1102/751/617 990/1206/548 985/749/906
f 985/749/550 986/746/545 1100/750/615
f 1104/751/616 1102/751/907 985/749/550
f 1106/753/619 993/1207/551 988/752/553
f 988/752/553 990/1206/548 1102/751/617
f 1108/753/618 1106/753/619 988/752/553
f 996/754/555 993/1207/551 1106/753/619
f 1003/756/556 996/754/555 1110/755/31
f 1118/1208/908 1008/760/559 998/756/558
f 998/756/558 1003/756/556 1112/757/620
f 998/756/558 1112/757/620 1114/758/909
f 1116/759/910 1118/1208/908 998/756/558
f 1125/765/624 1010/764/562 1005/760/561
f 1005/760/561 1008/760/559 1118/1208/908
f 1005/760/561 1118/1208/908 1121/761/622
f 1123/762/623 1125/765/624 1005/760/561
f 1125/765/624 1127/767/625 1019/763/565
f 1012/764/564 1010/764/562 1125/765/624
f 1127/767/625 1129/769/626 1024/766/568
f 1017/763/567 1019/763/565 1127/767/625
f 1129/769/626 1130/771/627 1029/768/571
f 1022/766/570 1024/766/568 1129/769/626
f 1130/771/627 1132/773/628 1033/770/574
f 1027/768/573 1029/768/571 1130/771/627
f 1132/773/628 1135/775/365 1037/772/577
f 1031/770/576 1033/770/574 1132/773/628
f 1135/775/365 1136/777/629 1038/774/580
f 1035/772/579 1037/772/577 1135/775/365
f 1136/777/629 1139/779/630 1043/776/583
f 1040/774/582 1038/774/580 1136/777/629
f 1139/779/630 1141/781/631 1047/778/586
f 1044/776/585 1043/776/583 1139/779/630
f 1141/781/631 1143/783/632 1051/780/589
f 1049/778/588 1047/778/586 1141/781/631
f 1143/783/632 1144/785/635 1055/782/592
f 1052/780/591 1051/780/589 1143/783/632
f 1146/784/633 1148/787/636 1061/786/593
f 1056/782/634 1055/782/592 1144/785/635
f 1146/784/633 1061/786/593 1056/782/634
f 1152/788/637 1150/790/638 1065/789/596
f 1058/786/594 1061/786/593 1148/787/636
f 1152/788/637 1065/789/596 1058/786/594
f 1154/791/639 1068/1209/30 939/1210/598
f 1063/789/597 1065/789/596 1150/790/638
f 1154/791/639 939/1210/598 1063/789/597
f 768/792/251 541/1211/251 514/793/251
f 827/795/134 774/836/134 692/796/134
f 633/798/30 550/1212/30 745/799/30
f 568/801/365 1158/1213/365 1156/802/365
f 1163/1214/365 1158/1213/365 568/801/365
f 526/803/365 1156/802/365 1160/1215/365
f 526/803/365 1160/1215/365 1165/1216/365
f 1167/1217/365 1163/1214/365 568/801/365
f 1171/1218/365 1167/1217/365 568/801/365
f 526/803/365 1165/1216/365 1169/1219/365
f 526/803/365 1169/1219/365 1173/1220/365
f 1174/1221/365 1171/1218/365 568/801/365
f 1178/1222/365 1174/1221/365 568/801/365
f 526/803/365 1173/1220/365 1176/1223/365
f 526/803/365 1176/1223/365 1180/1224/365
f 1183/1225/365 1178/1222/365 568/801/365
f 1187/1226/365 1183/1225/365 568/801/365
f 592/1227/365 526/803/365 1180/1224/365
f 592/1227/365 1180/1224/365 1185/1228/365
f 1191/1229/365 1187/1226/365 568/801/365
f 1192/1230/365 1191/1229/365 568/801/365
f 592/1227/365 1185/1228/365 1188/1231/365
f 592/1227/365 1188/1231/365 1216/1232/365
f 1192/1230/365 568/801/365 651/804/365
f 1198/1233/365 1192/1230/365 651/804/365
f 592/1227/365 1216/1232/365 1220/1234/365
f 592/1227/365 1220/1234/365 1218/1235/365
f 1196/1236/365 1198/1233/365 651/804/365
f 1194/1237/365 1196/1236/365 651/804/365
f 651/804/365 592/1227/365 1218/1235/365
f 651/804/365 1218/1235/365 1202/1238/365
f 1200/1239/365 1194/1237/365 651/804/365
f 1205/1240/365 1200/1239/365 651/804/365
f 651/804/365 1202/1238/365 1207/1241/365
f 651/804/365 1207/1241/365 1210/1242/365
f 1209/1243/365 1205/1240/365 651/804/365
f 1214/806/365 1209/1243/365 651/804/365
f 651/804/365 1210/1242/365 1212/805/365
f 1068/1244/911 1154/1245/911 1150/1246/911
f 1150/1246/638 1152/1247/637 1148/1248/636
f 1148/1248/28 1146/1249/28 643/834/28
f 609/810/28 1121/1250/28 1118/1251/28
f 1118/1251/908 1116/1252/910 1114/1253/912
f 609/810/28 1118/1251/28 1114/1253/28
f 1148/1248/28 643/834/28 840/807/28
f 1150/1246/28 1148/1248/28 840/807/28
f 790/1254/28 609/810/28 1114/1253/28
f 790/1254/28 1114/1253/28 1112/1255/913
f 1068/1244/28 1150/1246/28 840/807/28
f 1071/1256/914 1066/1257/915 1068/1244/916
f 1073/1258/917 1071/1256/914 1068/1244/916
f 790/1254/28 1112/1255/913 1110/1259/28
f 1110/1259/31 1106/1260/619 1108/1261/618
f 1102/1262/907 1104/1263/616 1100/1264/615
f 790/1254/28 1110/1259/28 1108/1261/28
f 790/1254/28 1108/1261/28 1102/1262/28
f 1073/1258/28 1068/1244/28 840/807/28
f 1078/1265/918 1077/1266/918 1075/1266/918
f 1075/1266/28 1073/1258/28 840/807/28
f 790/1254/28 1102/1262/28 1100/1264/28
f 790/1254/28 1100/1264/28 1098/1267/28
f 1078/1265/28 1075/1266/28 840/807/28
f 1080/1268/28 1078/1265/28 840/807/28
f 790/1254/28 1098/1267/28 1097/1269/28
f 790/1254/28 1097/1269/28 1094/1270/28
f 1082/1271/28 1080/1268/28 840/807/28
f 1085/1272/28 1082/1271/28 840/807/28
f 840/807/28 790/1254/28 1094/1270/28
f 840/807/28 1094/1270/28 1093/1273/28
f 1087/1274/28 1085/1272/28 840/807/28
f 1089/809/28 1087/1274/28 840/807/28
f 840/807/28 1093/1273/28 1090/808/28
f 1123/1275/28 1121/1250/28 609/810/28
f 643/834/28 1146/1249/28 1144/1276/28
f 643/834/28 1144/1276/28 1143/1277/28
f 1125/1278/28 1123/1275/28 609/810/28
f 1127/1279/28 1125/1278/28 609/810/28
f 643/834/28 1143/1277/28 1141/1280/28
f 643/834/28 1141/1280/28 1139/1281/28
f 1129/1282/28 1127/1279/28 609/810/28
f 1130/1283/28 1129/1282/28 609/810/28
f 609/810/28 643/834/28 1139/1281/28
f 609/810/28 1139/1281/28 1136/1284/28
f 1132/812/28 1130/1283/28 609/810/28
f 609/810/28 1136/1284/28 1135/811/28
f 497/813/625 526/815/625 592/819/625
f 541/816/648 568/801/648 526/803/648
f 633/821/632 651/804/632 568/801/632
f 609/810/649 592/1227/649 651/804/649
f 586/818/650 609/820/650 790/829/650
f 823/831/651 840/807/651 643/834/651
f 798/797/652 790/1254/652 840/807/652
f 784/828/614 798/797/614 692/796/614
f 745/799/607 774/836/607 827/795/607
f 718/794/653 692/796/653 774/836/653
f 678/823/654 718/825/654 514/814/654
f 550/837/655 541/1211/655 768/792/655
f 784/828/31 678/823/31 497/813/31
f 510/838/656 487/442/657 1207/839/657
f 510/838/656 1202/840/656 1218/841/658
f 546/843/660 524/842/659 1218/841/658
f 565/845/661 546/843/660 1220/844/660
f 579/847/662 565/845/661 1216/846/661
f 598/849/663 579/847/662 1188/848/662
f 616/851/664 598/849/663 1185/850/663
f 628/28/665 616/851/664 1180/852/664
f 646/27/666 628/28/665 1176/853/665
f 663/49/667 646/27/666 1173/854/666
f 685/57/668 663/49/667 1169/855/667
f 708/80/669 685/57/668 1165/856/668
f 737/89/670 708/80/669 1160/857/669
f 1158/859/671 1163/860/672 760/113/672
f 760/113/672 737/89/670 1156/858/670
f 780/123/673 760/113/672 1163/860/672
f 794/862/674 780/123/673 1167/861/673
f 805/864/675 794/862/674 1171/863/674
f 819/866/676 805/864/675 1174/865/675
f 1183/868/677 836/958/677 819/866/676
f 844/869/678 836/958/677 1183/868/677
f 862/871/679 844/869/678 1187/870/678
f 865/873/680 862/871/679 1191/872/679
f 868/875/681 865/873/680 1192/874/680
f 871/877/682 868/875/681 1198/876/681
f 876/879/683 871/877/682 1196/878/682
f 878/881/684 876/879/683 1194/880/683
f 881/883/686 878/881/684 1200/882/685
f 884/885/687 881/883/686 1205/884/686
f 888/887/688 884/885/687 1209/886/687
f 1212/889/689 892/956/689 888/887/688
f 895/890/690 892/956/689 1212/889/689
f 487/409/657 895/890/690 1210/891/690
f 487/409/691 510/838/751 904/893/692
f 1222/895/693 900/1285/365 904/893/694
f 1224/896/695 904/893/694 908/897/696
f 1226/898/697 908/897/696 911/899/698
f 1228/900/699 911/899/698 914/901/700
f 1231/902/701 914/901/700 917/903/702
f 1233/904/703 917/903/702 919/905/704
f 924/907/706 1236/909/707 1235/906/705
f 927/908/665 1238/911/665 1236/909/707
f 927/908/665 930/912/709 1240/910/708
f 930/912/709 933/914/711 1243/913/710
f 933/914/711 938/916/713 1245/915/712
f 938/916/713 942/959/919 1246/917/714
f 1250/919/920 1248/1286/920 1246/917/920
f 1246/917/714 942/959/919 945/918/715
f 945/918/715 948/921/718 1252/920/717
f 948/921/718 951/923/720 1254/922/719
f 951/923/720 955/925/134 1256/924/721
f 955/925/134 960/927/723 1259/926/722
f 960/927/723 963/929/725 1260/928/724
f 963/929/725 966/931/727 1263/930/726
f 966/931/727 969/933/729 1264/932/728
f 969/933/729 972/935/731 1266/934/730
f 972/935/731 976/937/733 1268/936/732
f 976/937/733 980/939/734 1270/938/734
f 980/939/734 984/957/682 1272/940/682
f 1272/940/682 984/957/682 987/941/735
f 1275/942/736 987/941/735 989/943/737
f 1276/944/738 989/943/737 994/945/739
f 1278/946/740 994/945/739 1001/947/741
f 1281/948/742 1001/947/741 1006/949/743
f 1282/950/744 1006/949/743 1015/951/745
f 487/409/691 900/894/691 1021/953/747
f 1283/952/746 1015/951/745 1021/953/749
f 1284/954/750 1021/953/749 900/894/365
f 510/838/751 524/842/753 908/897/752
f 524/842/753 546/843/755 911/899/754
f 546/843/755 565/845/757 914/901/756
f 565/845/757 579/847/759 917/903/758
f 579/847/759 598/849/761 919/905/760
f 598/849/761 616/851/809 924/907/762
f 895/890/748 1021/953/747 1015/951/763
f 892/956/764 1015/951/763 1006/949/765
f 888/887/766 1006/949/765 1001/947/767
f 884/885/768 1001/947/767 994/945/769
f 881/883/770 994/945/769 989/943/771
f 878/881/772 989/943/771 987/941/773
f 876/879/774 987/941/773 984/957/775
f 871/877/776 984/957/775 980/939/777
f 868/875/778 980/939/777 976/937/779
f 865/873/780 976/937/779 972/935/781
f 862/871/782 972/935/781 969/933/783
f 844/869/784 969/933/783 966/931/785
f 836/958/786 966/931/785 963/929/787
f 819/866/788 963/929/787 960/927/789
f 760/113/799 780/123/795 951/923/797
f 737/89/801 760/113/799 948/921/800
f 708/80/803 737/89/801 945/918/802
f 685/57/805 708/80/803 942/959/804
f 663/49/807 685/57/805 938/916/806
f 616/851/809 628/28/811 927/908/810
f 628/28/811 646/27/813 930/912/812
f 646/27/813 663/49/807 933/914/808
f 484/442/814 494/1285/814 503/893/815
f 500/838/815 503/893/815 517/897/816
f 517/897/816 529/899/817 520/843/817
f 520/843/817 529/899/817 538/901/818
f 538/901/818 554/903/819 547/847/819
f 547/847/819 554/903/819 562/905/820
f 562/905/820 576/907/821 571/851/821
f 571/851/821 576/907/821 589/908/134
f 589/908/134 602/912/822 596/27/822
f 596/27/822 602/912/822 613/914/823
f 613/914/823 621/916/824 619/57/824
f 621/916/824 637/959/825 631/80/825
f 637/959/825 649/918/826 640/89/826
f 640/89/826 649/918/826 657/921/827
f 657/921/827 673/923/828 667/123/828
f 673/923/828 687/925/829 682/862/829
f 682/862/829 687/925/829 706/927/830
f 698/864/830 706/927/830 722/929/831
f 722/929/831 734/931/846 725/958/832
f 725/958/832 734/931/846 747/933/833
f 747/933/833 763/935/834 755/871/834
f 755/871/834 763/935/834 775/937/835
f 775/937/835 788/939/836 781/875/836
f 781/875/836 788/939/836 796/957/365
f 793/877/365 796/957/365 807/941/837
f 802/879/837 807/941/837 814/943/838
f 814/943/838 824/945/839 816/883/839
f 816/883/839 824/945/839 830/947/840
f 829/885/840 830/947/840 843/949/841
f 838/887/841 843/949/841 848/951/842
f 706/1287/843 687/1288/921 673/1289/843
f 673/1289/843 657/1290/922 649/1291/843
f 649/1291/843 637/1292/843 621/1293/843
f 621/1293/843 1306/1294/921 1305/1295/922
f 621/1293/843 1305/1295/922 1303/1296/843
f 673/1289/843 649/1291/843 621/1293/843
f 722/962/843 706/1287/843 673/1289/843
f 747/1297/843 734/1298/843 722/962/843
f 775/1299/843 763/1300/843 747/1297/843
f 796/1301/843 788/1302/843 775/1299/843
f 814/961/843 807/1303/843 796/1301/843
f 1299/1304/843 824/1305/843 814/961/843
f 1293/1306/843 1299/1304/843 814/961/843
f 814/961/843 796/1301/843 775/1299/843
f 775/1299/843 747/1297/843 722/962/843
f 722/962/843 673/1289/843 621/1293/843
f 722/962/843 621/1293/843 1303/1296/843
f 814/961/843 775/1299/843 722/962/843
f 1292/1307/843 1293/1306/843 814/961/843
f 1291/1308/843 1292/1307/843 814/961/843
f 722/962/843 1303/1296/843 1304/1309/843
f 722/962/843 1304/1309/843 1302/1310/843
f 1287/1311/843 1291/1308/843 814/961/843
f 1285/1312/843 1287/1311/843 814/961/843
f 722/962/843 1302/1310/843 1294/1313/843
f 722/962/843 1294/1313/843 1289/1314/843
f 1286/1315/843 1285/1312/843 814/961/843
f 1290/1316/843 1286/1315/843 814/961/843
f 722/962/843 1289/1314/843 1288/960/843
f 1288/960/843 1290/1316/843 814/961/843
f 1307/1317/922 1306/1294/921 621/1293/843
f 621/1293/843 613/1318/843 602/1319/843
f 602/1319/843 589/1320/843 576/1321/843
f 576/1321/843 562/1322/923 554/1323/843
f 554/1323/843 538/1324/843 529/963/843
f 529/963/843 517/1325/843 503/1326/843
f 503/1326/843 494/1327/843 858/1328/843
f 858/1328/843 848/1329/843 843/1330/843
f 843/1330/843 830/1331/843 824/1305/843
f 824/1305/843 1299/1304/843 1300/1332/843
f 824/1305/843 1300/1332/843 1301/1333/924
f 858/1328/843 843/1330/843 824/1305/843
f 529/963/843 503/1326/843 858/1328/843
f 576/1321/843 554/1323/843 529/963/843
f 621/1293/843 602/1319/843 576/1321/843
f 1308/1334/843 1307/1317/922 621/1293/843
f 1309/1335/843 1308/1334/843 621/1293/843
f 621/1293/843 576/1321/843 529/963/843
f 529/963/843 858/1328/843 824/1305/843
f 824/1305/843 1301/1333/924 1296/1336/843
f 529/963/843 824/1305/843 1296/1336/843
f 1314/1337/843 1309/1335/843 621/1293/843
f 1315/1338/843 1314/1337/843 621/1293/843
f 529/963/843 1296/1336/843 1295/1339/843
f 529/963/843 1295/1339/843 1298/1340/843
f 1313/1341/843 1315/1338/843 621/1293/843
f 1311/1342/843 1313/1341/843 621/1293/843
f 529/963/843 1298/1340/843 1297/1343/843
f 529/963/843 1297/1343/843 1317/1344/843
f 1311/1342/843 621/1293/843 529/963/843
f 1312/1345/925 1311/1342/843 529/963/843
f 529/963/843 1317/1344/843 1310/964/843
f 1316/965/843 1312/1345/925 529/963/843
f 848/951/842 858/953/844 854/890/844
f 858/953/844 494/894/814 484/409/814
f 1246/1346/845 1248/1347/845 619/970/845
f 619/970/845 631/1027/845 640/1029/845
f 640/1029/845 655/1031/845 667/1034/845
f 667/1034/845 682/1035/845 698/1037/845
f 698/1037/845 714/1039/926 725/1041/845
f 725/1041/845 739/1043/845 755/1045/845
f 755/1045/845 771/1047/845 781/966/845
f 781/966/845 793/1050/845 802/1052/845
f 802/1052/845 810/1053/845 816/967/845
f 816/967/845 829/1055/845 838/1058/845
f 838/1058/845 846/1060/926 854/1062/845
f 854/1062/845 484/1007/845 500/1009/845
f 500/1009/845 511/1010/927 520/1012/845
f 520/1012/845 531/1013/926 547/1015/845
f 547/1015/845 560/1018/845 571/969/845
f 571/969/845 1259/1348/845 1260/1349/845
f 571/969/845 1260/1349/845 1263/1350/845
f 520/1012/845 547/1015/845 571/969/845
f 854/1062/845 500/1009/845 520/1012/845
f 816/967/845 838/1058/845 854/1062/845
f 781/966/845 802/1052/845 816/967/845
f 725/1041/845 755/1045/845 781/966/845
f 667/1034/845 698/1037/845 725/1041/845
f 619/970/845 640/1029/845 667/1034/845
f 1245/1351/928 1246/1346/845 619/970/845
f 1243/1352/845 1245/1351/928 619/970/845
f 520/1012/845 571/969/845 1263/1350/845
f 520/1012/845 1263/1350/845 1264/1353/845
f 1243/1352/845 619/970/845 667/1034/845
f 1240/1354/845 1243/1352/845 667/1034/845
f 520/1012/845 1264/1353/845 1266/1355/845
f 520/1012/845 1266/1355/845 1268/1356/845
f 1238/1357/845 1240/1354/845 667/1034/845
f 1236/1358/845 1238/1357/845 667/1034/845
f 520/1012/845 1268/1356/845 1270/1359/845
f 854/1062/845 520/1012/845 1270/1359/845
f 1236/1358/845 667/1034/845 725/1041/845
f 1235/1360/845 1236/1358/845 725/1041/845
f 854/1062/845 1270/1359/845 1272/1361/845
f 854/1062/845 1272/1361/845 1275/1362/845
f 1233/1363/845 1235/1360/845 725/1041/845
f 1231/1364/845 1233/1363/845 725/1041/845
f 854/1062/845 1275/1362/845 1276/1365/845
f 854/1062/845 1276/1365/845 1278/1366/845
f 1231/1364/845 725/1041/845 781/966/845
f 1228/1367/845 1231/1364/845 781/966/845
f 816/967/845 854/1062/845 1278/1366/845
f 816/967/845 1278/1366/845 1281/1368/845
f 1226/1369/845 1228/1367/845 781/966/845
f 1224/1370/845 1226/1369/845 781/966/845
f 816/967/845 1281/1368/845 1282/1371/845
f 816/967/845 1282/1371/845 1283/1372/845
f 1222/1373/845 1224/1370/845 781/966/845
f 816/967/845 1283/1372/845 1284/968/845
f 1284/968/845 1222/1373/845 781/966/845
f 1256/1374/845 1259/1348/845 571/969/845
f 571/969/845 583/1020/845 596/1022/845
f 596/1022/845 607/1025/845 619/970/845
f 619/970/845 1248/1347/845 1250/1375/845
f 619/970/845 1250/1375/845 1252/1376/845
f 571/969/845 596/1022/845 619/970/845
f 1254/971/845 1256/1374/845 571/969/845
f 619/970/845 1252/1376/845 1254/971/845
f 679/838/830 1304/974/830 1303/972/829
f 679/838/830 684/842/831 1302/973/831
f 1294/975/846 1302/973/831 684/842/831
f 694/845/833 1289/976/833 1294/975/846
f 695/847/834 1288/1377/834 1289/976/833
f 1290/977/835 1288/1377/834 695/847/834
f 1286/978/836 1290/977/835 701/849/835
f 1285/979/365 1286/978/836 703/851/836
f 712/27/837 1287/980/837 1285/979/365
f 716/49/838 1291/981/838 1287/980/837
f 720/57/839 1292/982/839 1291/981/838
f 724/80/840 1293/983/840 1292/982/839
f 730/89/841 1299/984/841 1293/983/840
f 732/113/842 1300/985/842 1299/984/841
f 1300/985/842 732/113/842 735/123/844
f 1301/986/844 735/123/844 741/862/814
f 1296/987/814 741/862/814 743/864/815
f 743/864/815 749/866/816 1298/989/816
f 1298/989/816 749/866/816 753/958/817
f 753/958/817 757/869/818 1317/991/818
f 757/869/818 761/871/819 1310/992/819
f 761/871/819 765/873/820 1316/993/820
f 765/873/820 770/875/821 1312/994/821
f 1312/994/821 770/875/821 772/877/134
f 772/877/134 773/879/822 1313/996/822
f 773/879/822 776/881/823 1315/997/823
f 1315/997/823 776/881/823 777/883/824
f 777/883/824 779/885/825 1309/999/825
f 779/885/825 782/887/826 1308/1000/847
f 1308/1000/847 782/887/826 786/956/827
f 1306/1003/848 1307/1001/827 786/956/827
f 786/956/827 789/890/828 1305/1002/828
f 675/409/829 1303/1378/829 1305/1002/828
f 593/1006/843 588/1038/922 581/1036/843
f 581/1036/843 574/1033/843 569/1032/843
f 569/1032/843 563/1030/921 558/1028/843
f 558/1028/843 551/1026/929 544/1024/843
f 544/1024/843 540/1023/930 534/1021/843
f 534/1021/843 528/1019/843 522/1017/843
f 522/1017/843 516/1016/843 508/1014/843
f 508/1014/843 501/1011/843 496/1004/843
f 496/1004/843 490/1008/843 485/1063/843
f 485/1063/843 669/1061/843 666/1059/843
f 666/1059/843 659/1057/843 653/1056/843
f 653/1056/843 647/1054/922 641/1005/843
f 641/1005/843 636/1051/843 630/1049/843
f 630/1049/843 623/1048/931 617/1046/843
f 617/1046/843 611/1044/932 605/1042/843
f 605/1042/843 600/1040/921 593/1006/843
f 593/1006/843 581/1036/843 569/1032/843
f 569/1032/843 558/1028/843 544/1024/843
f 544/1024/843 534/1021/843 522/1017/843
f 522/1017/843 508/1014/843 496/1004/843
f 496/1004/843 485/1063/843 666/1059/843
f 666/1059/843 653/1056/843 641/1005/843
f 641/1005/843 630/1049/843 617/1046/843
f 617/1046/843 605/1042/843 593/1006/843
f 593/1006/843 569/1032/843 544/1024/843
f 544/1024/843 522/1017/843 496/1004/843
f 496/1004/843 666/1059/843 641/1005/843
f 641/1005/843 617/1046/843 593/1006/843
f 593/1006/843 544/1024/843 496/1004/843
f 675/1007/843 791/1063/843 792/1008/843
f 684/1010/843 679/1009/843 792/1008/843
f 684/1010/843 795/1004/843 797/1011/843
f 694/1013/843 689/1012/843 797/1011/843
f 695/1015/843 694/1013/843 799/1014/843
f 695/1015/843 800/1016/843 803/1017/843
f 703/969/843 701/1018/843 803/1017/843
f 710/1020/843 703/969/843 806/1019/843
f 712/1022/843 710/1020/843 808/1021/843
f 712/1022/843 811/1023/843 813/1024/843
f 720/970/843 716/1025/843 813/1024/843
f 724/1027/843 720/970/843 815/1026/843
f 730/1029/843 724/1027/843 817/1028/843
f 732/1031/843 730/1029/843 821/1030/843
f 732/1031/843 822/1032/843 825/1033/843
f 741/1035/843 735/1034/843 825/1033/843
f 743/1037/843 741/1035/843 826/1036/843
f 749/1039/843 743/1037/843 828/1038/843
f 749/1039/843 831/1006/843 833/1040/843
f 753/1041/843 833/1040/843 834/1042/843
f 757/1043/843 834/1042/843 839/1044/843
f 761/1045/843 839/1044/843 841/1046/843
f 770/966/843 765/1047/843 841/1046/843
f 770/966/843 842/1048/843 845/1049/843
f 772/1050/843 845/1049/843 847/1051/843
f 773/1052/843 847/1051/843 849/1005/843
f 776/1053/843 849/1005/843 850/1054/843
f 779/1055/843 777/967/843 850/1054/843
f 779/1055/843 852/1056/843 857/1057/843
f 782/1058/843 857/1057/843 859/1059/843
f 786/1060/843 859/1059/843 861/1061/843
f 789/1062/843 861/1061/843 791/1063/843
f 791/1063/814 485/1063/814 490/1008/815
f 795/1004/816 792/1008/815 490/1008/815
f 795/1004/816 496/1004/816 501/1011/817
f 797/1011/817 501/1011/817 508/1014/818
f 800/1016/819 799/1014/818 508/1014/818
f 800/1016/819 516/1016/819 522/1017/820
f 803/1017/820 522/1017/820 528/1019/821
f 808/1021/134 806/1019/821 528/1019/821
f 808/1021/134 534/1021/134 540/1023/822
f 813/1024/823 811/1023/822 540/1023/822
f 815/1026/824 813/1024/823 544/1024/823
f 815/1026/824 551/1026/824 558/1028/825
f 821/1030/826 817/1028/825 558/1028/825
f 821/1030/826 563/1030/826 569/1032/827
f 822/1032/827 569/1032/827 574/1033/828
f 826/1036/829 825/1033/828 574/1033/828
f 828/1038/830 826/1036/829 581/1036/829
f 831/1006/831 828/1038/830 588/1038/830
f 833/1040/846 831/1006/831 593/1006/831
f 833/1040/846 600/1040/846 605/1042/833
f 834/1042/833 605/1042/833 611/1044/834
f 841/1046/835 839/1044/834 611/1044/834
f 841/1046/835 617/1046/835 623/1048/836
f 845/1049/365 842/1048/836 623/1048/836
f 845/1049/365 630/1049/365 636/1051/837
f 849/1005/838 847/1051/837 636/1051/837
f 850/1054/839 849/1005/838 641/1005/838
f 852/1056/840 850/1054/839 647/1054/839
f 852/1056/840 653/1056/840 659/1057/849
f 857/1057/841 659/1057/849 666/1059/842
f 859/1059/842 666/1059/842 669/1061/844
f 861/1061/844 669/1061/844 485/1063/814
f 1267/1/1 1265/29/29 495/2/2
f 492/4/4 512/32/32 513/5/5
f 483/7/7 1267/1/1 498/3/3
f 1273/6/6 513/5/5 515/9/9
f 1269/11/11 483/7/7 499/8/8
f 493/10/10 515/9/9 518/13/13
f 1269/11/11 502/12/12 504/16/16
f 1274/14/14 518/13/13 519/17/17
f 1271/19/19 486/15/15 504/16/16
f 1277/18/18 519/17/17 521/21/21
f 1271/19/19 506/20/20 507/24/24
f 1279/22/22 521/21/21 523/25/25
f 488/23/23 507/24/24 509/27/27
f 489/28/28 509/27/27 512/32/32
f 509/27/27 539/49/47 542/37/35
f 495/2/2 525/34/33 527/38/36
f 512/32/32 542/37/35 543/39/37
f 498/3/3 527/38/36 530/40/38
f 515/9/9 513/5/5 543/39/37
f 499/8/8 530/40/38 532/42/40
f 515/9/9 545/41/39 548/43/41
f 502/12/12 532/42/40 533/44/42
f 519/17/17 518/13/13 548/43/41
f 504/16/16 533/44/42 536/46/44
f 521/21/21 519/17/17 549/45/43
f 506/20/20 536/46/44 537/48/46
f 523/25/25 521/21/21 552/47/45
f 509/27/27 507/24/24 537/48/46
f 532/42/40 561/66/62 564/50/48
f 549/45/43 548/43/41 578/51/49
f 533/44/42 564/50/48 566/53/51
f 549/45/43 580/52/50 582/54/52
f 537/48/46 536/46/44 566/53/51
f 552/47/45 582/54/52 584/56/54
f 539/49/47 537/48/46 567/55/53
f 539/49/47 570/57/55 572/61/57
f 527/38/36 525/34/33 555/59/56
f 543/39/37 542/37/35 572/61/57
f 530/40/38 527/38/36 557/62/58
f 545/41/39 543/39/37 573/63/59
f 532/42/40 530/40/38 559/64/60
f 545/41/39 575/65/61 578/51/49
f 570/57/55 599/80/76 601/67/63
f 555/59/56 585/82/77 587/68/64
f 572/61/57 601/67/63 603/69/65
f 557/62/58 587/68/64 590/70/66
f 575/65/61 573/63/59 603/69/65
f 559/64/60 590/70/66 591/72/68
f 575/65/61 606/71/67 608/73/69
f 564/50/48 561/66/62 591/72/68
f 580/52/50 578/51/49 608/73/69
f 564/50/48 594/74/70 595/76/72
f 580/52/50 610/75/71 612/77/73
f 566/53/51 595/76/72 597/78/74
f 584/56/54 582/54/52 612/77/73
f 570/57/55 567/55/53 597/78/74
f 608/73/69 638/99/91 639/84/78
f 594/74/70 624/100/92 626/85/79
f 612/77/73 610/75/71 639/84/78
f 597/78/74 595/76/72 626/85/79
f 612/77/73 642/86/80 644/88/82
f 599/80/76 597/78/74 627/87/81
f 599/80/76 629/89/83 632/93/85
f 585/82/77 615/91/84 618/94/86
f 601/67/63 632/93/85 634/95/87
f 590/70/66 587/68/64 618/94/86
f 606/71/67 603/69/65 634/95/87
f 590/70/66 620/96/88 622/98/90
f 606/71/67 635/97/89 638/99/91
f 594/74/70 591/72/68 622/98/90
f 615/91/84 648/115/106 650/101/93
f 632/93/85 664/117/107 665/102/94
f 618/94/86 650/101/93 652/103/95
f 635/97/89 634/95/87 665/102/94
f 620/96/88 652/103/95 654/105/97
f 635/97/89 668/104/96 670/106/98
f 624/100/92 622/98/90 654/105/97
f 638/99/91 670/106/98 671/108/100
f 624/100/92 656/107/99 658/109/101
f 642/86/80 639/84/78 671/108/100
f 627/87/81 626/85/79 658/109/101
f 644/88/82 642/86/80 674/110/102
f 629/89/83 627/87/81 660/111/103
f 629/89/83 662/113/105 664/117/107
f 656/107/99 686/134/122 688/118/108
f 671/108/100 702/119/109 704/120/110
f 660/111/103 658/109/101 688/118/108
f 676/112/104 674/110/102 704/120/110
f 662/113/105 660/111/103 690/121/111
f 662/113/105 691/123/113 693/127/115
f 648/115/106 677/125/114 680/128/116
f 664/117/107 693/127/115 696/129/117
f 652/103/95 650/101/93 680/128/116
f 668/104/96 665/102/94 696/129/117
f 652/103/95 681/130/118 683/132/120
f 668/104/96 697/131/119 699/133/121
f 656/107/99 654/105/97 683/132/120
f 670/106/98 699/133/121 702/119/109
f 693/127/115 723/150/136 726/135/123
f 680/128/116 709/151/137 711/136/124
f 697/131/119 696/129/117 726/135/123
f 681/130/118 711/136/124 713/138/126
f 697/131/119 728/137/125 729/139/127
f 686/134/122 683/132/120 713/138/126
f 702/119/109 699/133/121 729/139/127
f 686/134/122 715/140/128 717/142/130
f 702/119/109 731/141/129 733/143/131
f 690/121/111 688/118/108 717/142/130
f 704/120/110 733/143/131 736/145/133
f 691/123/113 690/121/111 719/144/132
f 691/123/113 721/146/134 723/150/136
f 677/125/114 707/148/135 709/151/137
f 733/143/131 731/141/129 762/168/152
f 719/144/132 717/142/130 748/153/139
f 736/145/133 733/143/131 764/152/138
f 721/146/134 719/144/132 750/154/140
f 721/146/134 752/156/142 754/160/144
f 707/148/135 738/158/143 740/161/145
f 723/150/136 754/160/144 756/162/146
f 709/151/137 740/161/145 742/163/147
f 728/137/125 726/135/123 756/162/146
f 713/138/126 711/136/124 742/163/147
f 728/137/125 758/164/148 759/166/150
f 713/138/126 744/165/149 746/167/151
f 729/139/127 759/166/150 762/168/152
f 715/140/128 746/167/151 748/153/139
f 758/164/148 756/162/146 1366/1064/850
f 1341/1066/852 744/165/149 742/163/147
f 759/166/150 758/164/148 1369/1065/851
f 1340/1069/855 746/167/151 744/165/149
f 762/168/152 759/166/150 1360/1068/854
f 1367/1071/857 748/153/139 746/167/151
f 1361/1070/856 1362/1079/865 783/176/160
f 783/176/160 764/152/138 762/168/152
f 1365/1072/858 750/154/140 748/153/139
f 764/152/138 783/176/160 785/178/162
f 1363/1073/859 752/156/142 750/154/140
f 754/160/144 752/156/142 1363/1073/859
f 738/158/143 767/181/164 769/184/166
f 756/162/146 754/160/144 1364/1074/860
f 1336/1075/861 1342/1067/853 742/163/147
f 742/163/147 740/161/145 769/184/166
f 1358/1076/862 1359/1081/867 801/186/168
f 801/186/168 785/178/162 783/176/160
f 1338/1077/863 1337/1078/864 769/184/166
f 769/184/166 767/181/164 787/190/171
f 1368/1080/866 818/210/190 801/186/168
f 787/190/171 804/213/192 1339/1082/868
f 804/213/192 820/223/200 1343/1083/869
f 1354/1084/870 835/225/201 818/210/190
f 835/225/201 1354/1084/870 1355/1085/871
f 820/223/200 837/247/222 1333/1086/872
f 837/247/222 855/255/228 1334/1087/873
f 853/244/220 1355/1085/871 1353/1088/874
f 1356/1089/875 887/278/250 870/257/229
f 855/255/228 872/281/252 1332/1090/876
f 1332/1090/876 872/281/252 889/303/272
f 1356/1089/875 1351/1092/878 903/300/270
f 1351/1092/878 1352/1094/880 921/310/278
f 1335/1091/877 889/303/272 905/313/280
f 1352/1094/880 1357/1096/882 937/332/298
f 1331/1093/879 905/313/280 923/335/300
f 1357/1096/882 1349/1098/884 954/342/306
f 1330/1095/881 923/335/300 940/345/308
f 1349/1098/884 1346/1100/886 974/366/328
f 1329/1097/883 940/345/308 958/369/330
f 992/375/335 974/366/328 1346/1100/886
f 1346/1100/886 1347/1103/889 991/389/347
f 1327/1101/887 1326/1099/885 958/369/330
f 958/369/330 975/378/337 977/381/339
f 1320/1105/891 1013/390/348 1014/391/349
f 999/406/362 1000/392/350 1325/1107/893
f 1344/1106/892 1014/391/349 1016/393/351
f 1000/392/350 1002/394/352 1323/1110/896
f 1345/1109/895 1016/393/351 1018/395/353
f 1002/394/352 1004/396/354 1322/1112/898
f 1020/397/355 991/389/347 1348/1104/890
f 1348/1104/890 1350/1111/897 1018/395/353
f 1004/396/354 1007/398/356 1321/1113/899
f 991/389/347 1020/397/355 1023/399/357
f 1007/398/356 1009/400/358 1318/1114/900
f 1318/1114/900 1009/400/358 1011/404/360
f 975/378/337 995/402/359 997/405/361
f 1319/1115/901 1011/404/360 1013/390/348
f 1324/1108/894 1328/1102/888 977/381/339
f 977/381/339 997/405/361 999/406/362
f 1023/399/357 1020/397/355 1050/423/377
f 1009/400/358 1007/398/356 1036/408/364
f 1009/400/358 1039/409/365 1041/413/367
f 995/402/359 1025/411/366 1026/414/368
f 1011/404/360 1041/413/367 1042/415/369
f 997/405/361 1026/414/368 1028/416/370
f 1014/391/349 1013/390/348 1042/415/369
f 999/406/362 1028/416/370 1030/418/372
f 1014/391/349 1045/417/371 1046/419/373
f 1002/394/352 1000/392/350 1030/418/372
f 1018/395/353 1016/393/351 1046/419/373
f 1002/394/352 1032/420/374 1034/422/376
f 1018/395/353 1048/421/375 1050/423/377
f 1007/398/356 1004/396/354 1034/422/376
f 1028/424/370 1059/454/391 1060/425/378
f 1045/427/371 1074/455/392 1076/428/379
f 1032/430/374 1030/426/372 1060/425/378
f 1048/432/375 1046/429/373 1076/428/379
f 1032/430/374 1062/431/380 1064/434/382
f 1048/432/375 1079/433/381 1081/436/383
f 1036/438/364 1034/435/376 1064/434/382
f 1050/437/377 1081/436/383 1083/440/385
f 1039/442/365 1036/438/364 1067/439/384
f 1039/442/365 1069/443/386 1070/448/388
f 1026/451/368 1025/444/366 1054/446/387
f 1041/449/367 1070/448/388 1072/452/390
f 1026/451/368 1057/450/389 1059/454/391
f 1045/427/371 1042/453/369 1072/452/390
f 1069/443/386 1067/439/384 1096/456/393
f 1069/443/386 1099/457/394 1101/462/397
f 1054/446/387 1084/459/395 1086/463/398
f 1070/448/388 1101/462/397 1103/464/399
f 1057/450/389 1086/463/398 1088/465/400
f 1074/455/392 1072/452/390 1103/464/399
f 1059/454/391 1088/465/400 1091/467/402
f 1074/455/392 1105/466/401 1107/468/403
f 1062/431/380 1060/425/378 1091/467/402
f 1079/433/381 1076/428/379 1107/468/403
f 1062/431/380 1092/469/404 1095/471/406
f 1079/433/381 1109/470/405 1111/472/407
f 1067/439/384 1064/434/382 1095/471/406
f 1081/436/383 1111/472/407 1113/461/396
f 1105/466/401 1134/489/422 1137/473/408
f 1092/469/404 1091/467/402 1120/474/409
f 1109/470/405 1107/468/403 1137/473/408
f 1092/469/404 1122/475/410 1124/477/412
f 1109/470/405 1138/476/411 1140/478/413
f 1096/456/393 1095/471/406 1124/477/412
f 1113/461/396 1111/472/407 1140/478/413
f 1099/457/394 1096/456/393 1126/479/414
f 1099/457/394 1128/481/416 1131/485/418
f 1084/459/395 1115/483/417 1117/486/419
f 1101/462/397 1131/485/418 1133/487/420
f 1086/463/398 1117/486/419 1119/488/421
f 1105/466/401 1103/464/399 1133/487/420
f 1088/465/400 1119/488/421 1120/474/409
f 1128/481/416 1159/504/436 1161/492/424
f 1115/483/417 1145/506/437 1147/493/425
f 1131/485/418 1161/492/424 1162/494/426
f 1119/488/421 1117/486/419 1147/493/425
f 1134/489/422 1133/487/420 1162/494/426
f 1119/488/421 1149/495/427 1151/497/429
f 1134/489/422 1164/496/428 1166/498/430
f 1122/475/410 1120/474/409 1151/497/429
f 1138/476/411 1137/473/408 1166/498/430
f 1122/475/410 1153/499/431 1155/501/433
f 1138/476/411 1168/500/432 1170/502/434
f 1126/479/414 1124/477/412 1155/501/433
f 1142/480/415 1140/478/413 1170/502/434
f 1128/481/416 1126/479/414 1157/503/435
f 1168/500/432 1166/498/430 1197/507/438
f 1153/499/431 1182/523/452 1184/509/440
f 1168/500/432 1199/508/439 1201/510/441
f 1157/503/435 1155/501/433 1184/509/440
f 1172/491/423 1170/502/434 1201/510/441
f 1159/504/436 1157/503/435 1186/511/442
f 1159/504/436 1189/513/444 1190/517/446
f 1145/506/437 1175/515/445 1177/518/447
f 1161/492/424 1190/517/446 1193/519/448
f 1149/495/427 1147/493/425 1177/518/447
f 1164/496/428 1162/494/426 1193/519/448
f 1149/495/427 1179/520/449 1181/522/451
f 1164/496/428 1195/521/450 1197/507/438
f 1153/499/431 1151/497/429 1181/522/451
f 1175/515/445 1204/524/453 1206/525/454
f 1190/517/446 1221/540/467 1223/526/455
f 1179/520/449 1177/518/447 1206/525/454
f 1195/521/450 1193/519/448 1223/526/455
f 1179/520/449 1208/527/456 1211/529/458
f 1195/521/450 1225/528/457 1227/530/459
f 1182/523/452 1181/522/451 1211/529/458
f 1199/508/439 1197/507/438 1227/530/459
f 1182/523/452 1213/531/460 1215/533/462
f 1199/508/439 1229/532/461 1230/534/463
f 1186/511/442 1184/509/440 1215/533/462
f 1201/510/441 1230/534/463 1232/536/465
f 1189/513/444 1186/511/442 1217/535/464
f 1189/513/444 1219/537/466 1221/540/467
f 1213/531/460 1242/556/481 1244/541/468
f 1229/532/461 1258/557/482 1261/542/469
f 1217/535/464 1215/533/462 1244/541/468
f 1232/536/465 1230/534/463 1261/542/469
f 1219/537/466 1217/535/464 1247/543/470
f 1219/537/466 1249/545/472 1251/549/474
f 1204/524/453 1234/547/473 1237/550/475
f 1221/540/467 1251/549/474 1253/551/476
f 1208/527/456 1206/525/454 1237/550/475
f 1225/528/457 1223/526/455 1253/551/476
f 1208/527/456 1239/552/477 1241/554/479
f 1225/528/457 1255/553/478 1257/555/480
f 1213/531/460 1211/529/458 1241/554/479
f 1229/532/461 1227/530/459 1257/555/480
f 1251/549/474 492/4/4 1273/6/6
f 1239/552/477 1237/550/475 1267/1/1
f 1253/551/476 1273/6/6 493/10/10
f 1241/554/479 1239/552/477 483/7/7
f 1255/553/478 493/10/10 1274/14/14
f 1242/556/481 1241/554/479 1269/11/11
f 1258/557/482 1257/555/480 1274/14/14
f 1244/541/468 1242/556/481 486/15/15
f 1258/557/482 1277/18/18 1279/22/22
f 1247/543/470 1244/541/468 1271/19/19
f 1261/542/469 1279/22/22 1280/26/26
f 1249/545/472 1247/543/470 488/23/23
f 1249/545/472 489/28/28 492/4/4
f 1234/547/473 1265/29/29 1267/1/1
